,2019,2023,LOG_2019,LOG_2023,id,Station,Stop Name,LOG_B_JOB_DENSITY,LOG_T_JOB_DENSITY,B_DENSITY,T_DENSITY,DISTANCE,TERMINUS,TOTAL_FREQ,ADA,COMMUTER,TRANSFER,FREQ_X_COMMUTER
0,5345371.0,5745700.0,15.491741697774382,15.563962480968346,119,1 Av (L),1 Av,12.078189885800818,11.94149451444579,1.6198241940132916,1.4265090822187727,0.0240641890160453,0,2.4849066497880004,1,0.0,0,0.0
1,3766055.0,2892314.0,15.141538857977155,14.877567777491139,309,103 St (1),103 St,11.756379766298258,10.503690486179842,1.1933845599022337,-0.024608978355954773,0.0472055267632956,0,2.3978952727983707,0,0.0,0,0.0
2,4039570.0,2601308.0,15.211649056180164,14.771525337835934,395,103 St (6),103 St,12.043013526964787,11.357927996640319,-0.4387363753774615,0.9743508413875204,0.0510719735667148,0,2.4849066497880004,0,0.0,0,0.0
3,1498363.0,1033211.0,14.21988440419606,13.848182954538235,156,"103 St (B,C)",103 St,11.24713013797116,12.620760888773768,1.76925072446139,1.3203652047391412,0.0469585240398354,0,2.3978952727983707,0,0.0,0,0.0
4,6399657.0,6460459.0,15.671755109402067,15.681211080653997,450,103 St-Corona Plaza (7),103 St-Corona Plaza,11.21275398848673,11.21275398848673,-0.43149591434595547,-0.5967361660426261,0.1214044530690607,0,2.70805020110221,0,0.0,0,0.0
5,536924.0,363436.0,13.193613698932495,12.80336124594181,193,104 St (A),104 St,9.12283952974669,9.537494306684302,-0.43962495376027727,-0.39047446926742607,0.1636010214210131,0,2.1972245773362196,0,0.0,0,0.0
6,774888.0,591761.0,13.560475072271236,13.290859806004585,82,"104 St (J,Z)",104 St,10.268237476072983,9.613175113388598,-0.157064794608261,-0.536796677574223,0.1519026865595167,0,1.9459101490553132,0,0.0,0,0.0
7,3316061.0,2096322.0,15.014288492288104,14.555695415603848,394,110 St (6),110 St,11.780923986349825,11.637416918999199,-0.20356932031176406,0.46679748043808766,0.0564772246131126,0,2.4849066497880004,0,0.0,0,0.0
8,3836999.0,2098984.0,15.160201369229089,14.55696445251711,449,111 St (7),111 St,10.068855305985018,9.696278000713745,0.620090350778787,1.1903885115253714,0.1287050444077419,0,2.70805020110221,0,0.0,0,0.0
9,760163.0,466344.0,13.541289478457,13.052680982536474,194,111 St (A),111 St,10.66718736769758,10.329227605752923,-0.25977475157936447,-0.43524725411289145,0.1674349376026401,0,2.1972245773362196,0,0.0,0,0.0
10,350344.0,453695.0,12.766673662253998,13.02518264921469,81,111 St (J),111 St,10.100562315013242,9.687629148199635,-0.6829519082640929,-0.8943287263135208,0.1584492958299282,0,1.9459101490553132,0,0.0,0,0.0
11,3345661.0,2014762.0,15.02317513928776,14.516012128579392,440,"116 St (2,3)",116 St,11.824779045222005,11.682022616558159,1.725972881928223,1.166624528435363,0.0583891413620714,0,2.6390573296152584,0,0.0,0,0.0
12,4572453.0,2766817.0,15.3355605990544,14.833208481397973,393,116 St (6),116 St,11.593356624760546,11.219901139084255,0.8102212515949034,1.4325925867750324,0.0608978171201562,0,2.4849066497880004,0,0.0,0,0.0
13,2288111.0,1459488.0,14.643237581332713,14.193596932420224,154,"116 St (B,C)",116 St,12.129955003758456,11.66540123788712,0.7211391702293977,0.8253947778727251,0.0580206183093537,0,2.3978952727983707,0,0.0,0,0.0
14,4380469.0,3416295.0,15.292666582531831,15.044067481190476,307,116 St-Columbia University (1),116 St-Columbia University,11.477685028540503,11.095995935774793,5.15802774368131,-1.0245851925130245,0.0564426769740723,0,2.3978952727983707,0,0.0,0,0.0
15,675500.0,476966.0,13.423209916766195,13.075202585087329,80,"121 St (J,Z)",121 St,10.631022882776135,10.631022882776135,-0.835398737604577,-1.100635564945978,0.1649381365845955,0,1.9459101490553132,0,0.0,0,0.0
16,2368025.0,1986493.0,14.677567254655486,14.501881833844612,306,125 St (1),125 St,10.765985486135056,10.37308589523502,1.2835208469915138,-0.4847984405702246,0.0658709203290812,0,2.3978952727983707,0,0.0,0,0.0
17,4644262.0,2672981.0,15.351143252409985,14.798705261091648,439,"125 St (2,3)",125 St,12.781978261615782,12.482386298974335,-0.04207212479319226,0.07799018939931394,0.0653925098233767,0,2.6390573296152584,0,0.0,0,0.0
18,8554857.0,4884086.0,15.962009866690254,15.401492927321891,392,"125 St (4,5,6)",125 St,12.0936506748068,12.21063912342049,-0.8835339645584632,0.08725103702067452,0.067660161690609,0,3.295836866004329,1,0.0,0,0.0
19,9208598.0,5543346.0,16.035648279396643,15.528109027921895,153,"125 St (A,B,C,D)",125 St,11.911957147079184,11.53769619894423,-0.015682826805791777,0.770827965573144,0.0645105985865889,0,3.2188758248682006,1,0.0,0,0.0
20,4268823.0,2201400.0,15.266848937436489,14.604604533827708,438,"135 St (2,3)",135 St,11.115061916262402,11.01876422171348,-0.4531608422505858,1.102389890824506,0.0734081953258577,0,2.6390573296152584,1,0.0,0,0.0
21,1743921.0,1083148.0,14.371647157680238,13.895383097313848,152,"135 St (B,C)",135 St,10.6418845556041,10.6418845556041,-1.2450746192068274,-1.6117372918888293,0.0727299060703377,0,2.3978952727983707,0,0.0,0,0.0
22,3874783.0,2738004.0,15.17000047728046,14.822740110979339,305,137 St-City College (1),137 St-City College,11.166245508125975,10.347768313502273,0.08152307988696136,0.0741528076730657,0.0736412156336331,0,2.3978952727983707,0,0.0,0,0.0
23,1035878.0,785271.0,13.85076089961366,13.573785433563673,391,"138 St-Grand Concourse (4,5)",138 St-Grand Concourse,11.42779114396645,11.385320955806492,-1.219448716341849,-0.6274818871651988,0.0795865552527487,0,2.772588722239781,0,0.0,0,0.0
24,14239275.0,10863467.0,16.471514619958942,16.200916158509425,618,"14 St (A,C,E)/8 Av (L)",14 St,12.370713055745107,12.730121835707942,1.192804429685829,1.1140531585848272,0.0225639568560136,0,3.4965075614664802,1,0.0,1,0.0
26,14736035.0,11328347.0,16.505806480470984,16.242818814782762,601,"14 St (F,M,1,2,3)/6 Av (L)",14 St,12.875603658745332,13.013001197678014,3.094387919732983,0.8352135808505429,0.0235370745208561,0,3.8918202981106265,1,0.0,1,0.0
29,32385260.0,21527757.0,17.293213969853387,16.884853730151413,602,"14 St-Union Sq (L,N,Q,R,W,4,5,6)",14 St-Union Sq,14.203165538496576,14.26777125857729,-0.6320822837474709,-0.15013159122712,0.0210842578716932,0,4.110873864173311,0,0.0,1,0.0
32,2936613.0,2100654.0,14.892767774917713,14.557759758823378,304,145 St (1),145 St,11.218227063174137,11.657067577800422,1.082598493780865,0.25154993844015283,0.0791550086918055,0,2.3978952727983707,0,0.0,0,0.0
33,954825.0,574727.0,13.769284403909742,13.261652164380864,437,145 St (3),145 St,11.057994631340875,10.954357458999477,1.228258568156912,2.2588682330715266,0.0810773794963801,0,1.9459101490553132,0,0.0,0,0.0
34,7464653.0,4678774.0,15.825689638249637,15.358546881494007,151,"145 St (A,B,C,D)",145 St,9.472984097476633,10.158829740552225,1.4482165234813429,1.1948010459143656,0.0804139312868075,0,3.2188758248682006,0,0.0,0,0.0
36,3931908.0,2087779.0,15.184635616542927,14.551611858448817,603,"149 St-Grand Concourse (2,4,5)",149 St-Grand Concourse,11.006204105694993,11.355745847723478,-1.2867538907992826,-0.4616723970408708,0.0855262978504283,0,3.1354942159291497,0,0.0,1,0.0
38,1964534.0,1390166.0,14.490766134060173,14.144934441775067,241,"15 St-Prospect Park (F,G)",15 St-Prospect Park,10.564113369706831,10.631018525400675,1.4189028192788176,0.08247211569901354,0.0946423756781284,0,2.70805020110221,0,0.0,0,0.0
39,1123868.0,585619.0,13.932287754600818,13.280426394051503,220,"155 St (B,D)",155 St,9.563608772470966,9.499072806486389,-0.11698957482276882,0.012270397348258279,0.0880745190506275,0,2.4849066497880004,0,0.0,0,0.0
40,895036.0,539511.0,13.70462033718461,13.198420306250382,150,155 St (C),155 St,9.879387660055505,10.47058007405947,-0.11723183381056729,1.385496259501323,0.0867360485611346,0,1.791759469228055,0,0.0,0,0.0
41,3739786.0,2288380.0,15.134539215897238,14.643355138597768,303,157 St (1),157 St,10.501956444590563,9.785624802103905,4.180574518297846,-0.07500561673781386,0.0882773469299995,0,2.3978952727983707,0,0.0,0,0.0
42,8254928.0,5316351.0,15.926321034451407,15.486297911822541,604,"161 St-Yankee Stadium (B,D,4)",161 St-Yankee Stadium,9.600596212689197,9.600596212689197,-1.2875661154937512,-1.6647486555251143,0.0934150169779931,0,2.995732273553991,1,0.0,1,0.0
44,1390312.0,840255.0,14.14503945961381,13.641461886293783,149,163 St-Amsterdam Av (C),163 St-Amsterdam Av,9.615130725727937,10.655515430649027,0.3791910377231796,1.6781501838226491,0.0923300299631697,0,1.791759469228055,0,0.0,0,0.0
45,2653237.0,1901393.0,14.791291338858729,14.458097859332508,388,167 St (4),167 St,10.89737759928564,11.354144297411944,1.295567514215246,2.184624428218735,0.1020837194120547,0,2.1972245773362196,0,0.0,0,0.0
46,2734530.0,1411144.0,14.821470498329317,14.159911989552258,218,"167 St (B,D)",167 St,9.892548964283028,11.354144297411944,2.575418404494704,2.184624428218735,0.1025609489084354,0,2.4849066497880004,0,0.0,0,0.0
47,6156288.0,5161102.0,15.632984718907851,15.45666087430432,605,"168 St (A,C,1)",168 St-Washington Hts,13.92309287017589,13.675621195626718,-0.6643347434594844,-0.3722269319912314,0.0962354613694936,0,3.1780538303479458,0,0.0,1,0.0
49,2465120.0,1627817.0,14.717751451475285,14.302751025683458,255,169 St (F),169 St,11.685857656218893,11.788201957130967,1.4027848688434443,0.3074518996788936,0.1955112828355363,0,2.1972245773362196,0,0.0,0,0.0
50,2487611.0,1448193.0,14.726833772126913,14.185827820854113,387,170 St (4),170 St,11.56871685257542,10.82842957349951,0.7668162491384247,2.5222038840811942,0.1078814734141131,0,2.1972245773362196,1,0.0,0,0.0
51,2130461.0,1001022.0,14.571849415574349,13.816533035056366,217,"170 St (B,D)",170 St,11.148432029812394,10.158795176362412,-0.6327990486282584,2.3573304816598473,0.1100396875495385,0,2.4849066497880004,0,0.0,0,0.0
52,2057118.0,1118781.0,14.536817018201445,13.927751151514089,428,"174 St (2,5)",174 St,10.989663458417045,10.884709762633507,0.38156348849258986,-0.13051148570704152,0.126708031710702,0,2.70805020110221,0,0.0,0,0.0
53,1518260.0,774167.0,14.233076158917175,13.559544183282561,216,"174-175 Sts (B,D)",174-175 Sts,8.885991293589607,12.211564694172484,1.0757810692925636,1.7907095347758122,0.1172044815525424,0,2.4849066497880004,0,0.0,0,0.0
54,4182625.0,2258838.0,15.246449836912364,14.630361522436619,147,175 St (A),175 St,14.363359010428818,12.827500643003726,2.6406804933261867,2.215946298813814,0.1025510638511344,0,2.1972245773362196,1,0.0,0,0.0
55,1713696.0,1041352.0,14.354163583049287,13.856031387138799,385,176 St (4),176 St,11.248896003212927,10.483793056494696,-0.7154128778554283,0.7336616058994958,0.1181986583510984,0,2.1972245773362196,0,0.0,0,0.0
56,1942617.0,1336402.0,14.479547105839695,14.105492234299094,66,18 Av (D),18 Av,9.718709865611583,11.925646910116846,-0.10695933789185243,-0.1858957377698374,0.1480124745148189,0,1.9459101490553132,0,0.0,0,0.0
57,1113492.0,724074.0,13.92301247917574,13.49265025716288,245,18 Av (F),18 Av,11.045076317608505,11.60720554439149,0.5650371127383167,0.10141066093592309,0.1253422429430673,0,2.1972245773362196,0,0.0,0,0.0
58,1179756.0,1190431.0,13.98081904303151,13.989826824420087,74,18 Av (N),18 Av,9.999732929177831,11.13579606681751,-0.19841859095357975,-0.5849332519604098,0.1343821559471326,0,1.9459101490553132,0,0.0,0,0.0
59,2649616.0,1813302.0,14.789925659215296,14.410660602082926,321,18 St (1),18 St,12.46073894314991,12.730121835707942,-0.34412567651818143,1.1140531585848272,0.0196087796917675,0,2.3978952727983707,0,0.0,0,0.0
60,3523536.0,2416958.0,15.074975872616458,14.698020696364251,301,181 St (1),181 St,12.018464768769935,11.903748875687178,0.8392897259907417,1.3283960542964808,0.1071945392312514,0,2.3978952727983707,0,0.0,0,0.0
61,3404841.0,1751997.0,15.040709094139642,14.37626740892531,146,181 St (A),181 St,10.141428054702388,10.916840717872939,1.8701174048933535,1.476260647402026,0.1071826711087196,0,2.1972245773362196,1,0.0,0,0.0
62,1513443.0,824845.0,14.22989840642902,13.62295198122576,214,"182-183 Sts (B,D)",182-183 Sts,11.299885762347563,10.764510626752594,1.0705769817511244,2.0944271251688877,0.1310422997737758,0,2.4849066497880004,0,0.0,0,0.0
63,1779224.0,1188844.0,14.391688434198675,13.988492805526656,383,183 St (4),183 St,11.665604519895783,11.200791840990535,-0.05076359836647809,2.478497148984966,0.1308933676318196,0,2.1972245773362196,0,0.0,0,0.0
64,1535450.0,951786.0,14.244334706924333,13.766096549244288,145,190 St (A),190 St,10.496646007075439,10.644205207496686,0.7214804566005151,0.9659236638333263,0.1154271340890021,0,2.1972245773362196,0,0.0,0,0.0
65,2333160.0,1682168.0,14.662734558481047,14.335594590091949,300,191 St (1),191 St,10.120291137134007,11.55691566718874,6.011549964382097,1.5109069046378014,0.1142145147036886,0,2.3978952727983707,0,0.0,0,0.0
66,5583944.0,4192759.0,15.535406073805637,15.248869786260496,232,2 Av (F),2 Av,12.202433863319541,12.038898688194907,1.0842604723159155,1.3126616131726592,0.0320528290171078,0,2.1972245773362196,0,0.0,0,0.0
67,1578971.0,1125752.0,14.27228456033831,13.93396270305034,67,20 Av (D),20 Av,11.442623263858245,10.67912651227528,1.4276393303410893,0.2447055334239348,0.1510101008542124,0,1.9459101490553132,0,0.0,0,0.0
68,1142086.0,931058.0,13.948367848432984,13.744077926968746,75,20 Av (N),20 Av,10.22015830625929,9.834482745477196,-0.4857404702371298,-0.3555918118010691,0.1374938281378474,0,1.9459101490553132,0,0.0,0,0.0
69,1853146.0,1352957.0,14.43239583293587,14.117803864542505,298,207 St (1),207 St,10.675421917804846,9.976465133720787,-1.2875661154937512,-1.3862965528028681,0.1276200200791342,0,2.3978952727983707,0,0.0,0,0.0
70,535536.0,448606.0,13.191025260787427,13.013902505048152,282,21 St (G),21 St,12.14747272541454,12.091593931448333,-0.4780599206559503,-0.5332938736380232,0.0359477593321114,0,1.9459101490553132,0,0.0,0,0.0
72,527505.0,459810.0,13.175915518675254,13.038570814470033,297,215 St (1),215 St,11.995812731539901,11.37046381825193,0.2015163913358698,0.22885350060614068,0.1335773325718103,0,2.3978952727983707,0,0.0,0,0.0
73,979390.0,490047.0,13.794686228908562,13.102258624472796,420,"219 St (2,5)",219 St,9.543917674475873,9.18648678420061,-0.44622905423454023,-0.46333355995895675,0.1771148178837642,0,2.70805020110221,0,0.0,0,0.0
74,1187486.0,589541.0,13.987349867462589,13.287101243240967,419,"225 St (2,5)",225 St,8.586241109136663,9.40831311930727,1.080102587569119,1.055771879525626,0.1816948407770496,0,2.70805020110221,0,0.0,0,0.0
75,4627755.0,3154290.0,15.347582643347481,14.964274306041089,320,23 St (1),23 St,13.12970802075595,13.808567670428523,0.7159103929228616,1.0875267005525533,0.0159039746604408,0,2.3978952727983707,0,0.0,0,0.0
76,8659806.0,5409296.0,15.974202993916139,15.503629697832006,405,23 St (6),23 St,14.18100319404033,13.746817257923396,0.36058015047295444,1.467396221785545,0.0152589677567022,0,2.4849066497880004,1,0.0,0,0.0
77,7272610.0,4370344.0,15.799625932211983,15.290352511324015,165,"23 St (C,E)",23 St,11.836057174251149,13.808567670428523,0.4019468683567159,1.0875267005525533,0.0166745829633064,0,2.6390573296152584,0,0.0,0,0.0
78,8619473.0,5423352.0,15.969534619896356,15.50622481682662,228,"23 St (F,M)",23 St,14.656534887367153,14.450092876051047,-0.1986712861745904,0.2697882701365974,0.0149110202534987,0,2.70805020110221,0,0.0,0,0.0
79,7085694.0,4260867.0,15.773588520861946,15.26498345335869,14,"23 St (R,W)",23 St,13.152784896353998,14.40690718242874,-0.6328803138578272,0.1188637631451883,0.0146094744943139,0,2.3978952727983707,0,0.0,0,0.0
80,2919305.0,1894047.0,14.886856474763304,14.454226895596046,295,231 St (1),231 St,11.587853099825532,11.447104412408196,-0.6486419792690347,-0.8571759236836548,0.1470793850000742,0,2.3978952727983707,1,0.0,0,0.0
81,1445532.0,845056.0,14.183988669648722,13.647159359685585,418,"233 St (2,5)",233 St,9.914330744878155,9.927959715197925,-0.18294659869711105,-0.42678274271142086,0.1874407521805176,0,2.70805020110221,1,0.0,0,0.0
82,1204095.0,959752.0,14.001239635891569,13.774431238672173,294,238 St (1),238 St,11.261764322279049,11.447104412408196,-0.6308616075182825,-0.8571759236836548,0.1541105810416656,0,2.3978952727983707,0,0.0,0,0.0
83,1507759.0,948677.0,14.22613566369051,13.762824715484173,69,25 Av (D),25 Av,10.429437910062646,10.356731633347007,-0.4123705067544922,-0.2711187648241691,0.1572214541880328,0,1.9459101490553132,0,0.0,0,0.0
84,1153842.0,822024.0,13.958608668267878,13.619526087201136,31,25 St (R),25 St,11.331597512312781,11.371984287201236,-0.6915046741825506,-0.5506163168190171,0.095547753976739,0,1.9459101490553132,0,0.0,0,0.0
85,4493352.0,3038057.0,15.318109751625347,14.926729053463186,319,28 St (1),28 St,14.838631729872166,14.49279579406678,-0.026151014890337915,-0.11611673771703102,0.0121145552951843,0,2.3978952727983707,0,0.0,0,0.0
86,5834989.0,4380514.0,15.579383109905267,15.29267685534933,404,28 St (6),28 St,14.260625536723978,13.746817257923396,0.13760301776986883,1.467396221785545,0.0118329453645282,0,2.4849066497880004,2,0.0,0,0.0
87,4018310.0,2717163.0,15.206372223054045,14.815099247278791,13,"28 St (R,W)",28 St,13.638759210024313,14.859234963168408,-0.8228272603082691,-0.5867453354036674,0.0105108666150821,0,2.3978952727983707,0,0.0,0,0.0
88,1700456.0,1564084.0,14.346407596429286,14.26281154643669,118,3 Av (L),3 Av,11.796040429272745,13.00862982513933,2.9909240189522284,1.2378067419632264,0.0221528662930983,0,2.4849066497880004,0,0.0,0,0.0
89,2503850.0,1750592.0,14.733340504639314,14.375465145643439,377,3 Av-138 St (6),3 Av-138 St,9.936564729625985,10.83452154749867,1.4039675832992873,1.690420154292459,0.0802290646835686,0,2.4849066497880004,0,0.0,0,0.0
90,6768255.0,3333256.0,15.727754004611949,15.019460462028,434,"3 Av-149 St (2,5)",3 Av-149 St,13.815726045849457,13.235527989278337,-0.8130617262320834,-0.19262762913916426,0.090192442754367,0,2.70805020110221,1,0.0,0,0.0
91,5230182.0,3015519.0,15.469956825868724,14.919282844250455,3,"30 Av (N,W)",30 Av,11.538157589083129,11.218201542583033,-0.05257535524853318,0.5129685303938839,0.0636395009565498,0,2.3978952727983707,0,0.0,0,0.0
92,8934900.0,5666586.0,16.005475626491897,15.550097554430025,403,33 St (6),33 St,14.482304007461611,13.59420903900135,-0.38906085052285594,1.4895699131404512,0.0090264354537104,0,2.4849066497880004,0,0.0,0,0.0
93,2907388.0,1714912.0,14.882765985518075,14.354872908432451,460,33 St-Rawson St (7),33 St-Rawson St,13.124050770109324,13.124050770109324,-1.280634722656707,-1.6561012173716225,0.0539969997129362,0,2.70805020110221,0,0.0,0,0.0
94,39385436.0,23680977.0,17.488906686652776,16.980182667802904,607,"34 St-Herald Sq (B,D,F,M,N,Q,R,W)",34 St-Herald Sq,15.254066704610148,15.254066704610148,-0.614525654247194,-0.825079645232957,0.0064387956948554,0,3.8918202981106265,1,0.5,1,1.9459101490553132
96,6108384.0,5494067.0,15.625172975423284,15.519179522699456,471,34 St-Hudson Yards (7),34 St-Hudson Yards,13.240954087899993,12.356959517148832,-1.0891901178268482,-1.5704235845218384,0.0179369011816428,1,2.70805020110221,1,0.0,0,0.0
97,25967676.0,15224047.0,17.072363130273448,16.5383868408696,318,"34 St-Penn Station (1,2,3)",34 St-Penn Station,15.254066704610148,15.254066704610148,-0.614525654247194,-0.825079645232957,0.0083842100403084,0,3.1780538303479458,1,0.5,0,1.5890269151739729
98,25631364.0,16974543.0,17.059327354823,16.647225368014343,164,"34 St-Penn Station (A,C,E)",34 St-Penn Station,15.440419061716858,15.440419061716858,-1.2179926344344167,-1.577950462329608,0.0097477510226785,0,3.091042453358316,1,0.5,0,1.545521226679158
99,1933812.0,1475603.0,14.475004259524242,14.204577955462707,5,"36 Av (N,W)",36 Av,10.786901038613108,10.501136476200836,-0.19770784855705945,0.4792915315149612,0.0544582945105651,0,2.3978952727983707,0,0.0,0,0.0
100,4254406.0,3458960.0,15.263465944824935,15.05647881292079,32,"36 St (D,N,R)",36 St,9.869149585998768,11.735601000644799,-0.4208601451154081,-0.670437040285542,0.1016534452785557,0,2.9444389791664403,0,0.0,0,0.0
101,1383420.0,769239.0,14.140069975024732,13.553158293424783,272,"36 St (M,R)",36 St,11.85981759676422,11.85981759676422,-1.2810010812084351,-1.6565582774449086,0.0552930672146093,0,2.5649493574615367,0,0.0,0,0.0
102,761816.0,805613.0,13.543461648346042,13.599359998587026,6,"39 Av (N,W)",39 Av-Dutch Kills,11.999358528896055,11.680109651765978,-0.766626198413514,-0.8826724614056268,0.0512847184744093,0,2.3978952727983707,0,0.0,0,0.0
103,3924882.0,2832325.0,15.182847099837154,14.856608840165105,608,"4 Av (F,G)/9 St (R)",4 Av-9 St,11.183244196350671,11.842358802261927,-0.32692418646629207,-0.5994034661783456,0.0848250860594931,0,3.044522437723423,0,0.0,1,0.0
105,3074342.0,2189736.0,14.938601777857933,14.599292003256942,459,40 St-Lowery St (7),40 St-Lowery St,11.632288187277124,11.400858810409504,0.9658879273992346,1.3024951975388026,0.0610058392041288,0,2.70805020110221,0,0.0,0,0.0
106,2461410.0,1884446.0,14.716245320711769,14.449144967122967,33,45 St (R),45 St,11.423747548100048,11.120727790250513,0.6133893551565918,0.2863017697424199,0.1091056623507718,0,1.9459101490553132,0,0.0,0,0.0
107,2609445.0,1662115.0,14.774648496232022,14.323602047389139,270,"46 St (M,R)",46 St,10.012694227667723,10.108114177360221,-0.5133404985019517,-0.5121195029735026,0.0706811052049983,0,2.5649493574615367,0,0.0,0,0.0
108,4019044.0,2903856.0,15.206554870183782,14.881550411290133,458,46 St-Bliss St (7),46 St-Bliss St,11.236382275190358,10.87930096673333,0.22965600128882102,0.6265429714875632,0.0666127243775459,0,2.70805020110221,0,0.0,0,0.0
109,18604810.0,11387612.0,16.738930761151735,16.248036743662478,225,"47-50 Sts-Rockefeller Center (B,D,F,M)",47-50 Sts-Rockefeller Ctr,15.221979286092067,14.80065576240605,-1.0139928818413566,-0.5088749497897999,0.0046145866553737,0,3.258096538021482,1,0.0,0,0.0
110,7410041.0,5566042.0,15.8183466652724,15.532194946514236,10,"49 St (N,R,W)",49 St,14.340693707133735,14.80065576240605,0.36332754862283345,-0.5088749497897999,0.0050029313407243,0,2.833213344056216,2,0.0,0,0.0
111,7684091.0,4733296.0,15.854662775729675,15.37013255781758,276,"5 Av-53 St (E,M)",5 Av/53 St,14.661500512158852,14.951726829812147,-1.135789292203169,-1.5567389955077249,0.0102352071302925,0,2.70805020110221,0,0.0,0,0.0
112,4995128.0,3485505.0,15.423973795557135,15.064123785324409,8,"5 Av-59 St (N,R,W)",5 Av/59 St,7.890673753148015,7.890673753148015,-1.2875661154937512,-1.6647486555251143,0.0145504065235253,0,2.833213344056216,0,0.0,0,0.0
113,8134360.0,5893837.0,15.911607746072537,15.589417956323487,316,50 St (1),50 St,14.65969014972505,14.89906839773189,-0.005266492818296305,-0.24419345462124797,0.006829669464914,0,2.3978952727983707,0,0.0,0,0.0
114,6902595.0,4857531.0,15.747408130694078,15.396041047962933,162,"50 St (C,E)",50 St,11.892522146810489,12.61560304539134,2.9744957904686875,1.1894305320417293,0.0078121310792922,0,2.6390573296152584,2,0.0,0,0.0
115,976988.0,753338.0,13.79223067200555,13.532270604675961,61,50 St (D),50 St,10.690434723319761,11.815987035990155,0.5550269513569928,0.5172373047986252,0.1191297413788851,0,1.9459101490553132,0,0.0,0,0.0
116,1907368.0,1402690.0,14.461235363504574,14.153903092489845,457,52 St (7),52 St,11.736333287615746,11.557426405154365,-0.4771296725032863,0.8340417205217646,0.0722553070853583,0,2.70805020110221,0,0.0,0,0.0
117,2797730.0,2018914.0,14.844319289485737,14.518070796359213,34,53 St (R),53 St,10.328071696577547,10.090194561047552,0.9758424284682107,0.9590536674399228,0.1138634696335922,0,1.9459101490553132,0,0.0,0,0.0
118,637405.0,418218.0,13.365162094162361,12.943760497751901,62,55 St (D),55 St,10.87491264421625,10.77871993327945,1.090280594912913,1.235414552120889,0.1239971967465355,0,1.9459101490553132,0,0.0,0,0.0
119,4550216.0,2582091.0,15.330685482097584,14.764110481047517,224,57 St (F),57 St,13.923430651247905,14.430636398684294,0.8177788640011591,0.4748806909678262,0.0111894452051891,0,2.1972245773362196,0,0.0,0,0.0
120,11012550.0,7787658.0,16.21454618031687,15.868050859204889,9,"57 St-7 Av (N,Q,R,W)",57 St-7 Av,15.032211038611258,14.430636398684294,0.5925767650440393,0.4748806909678262,0.0103201094955435,0,3.1780538303479458,1,0.0,0,0.0
121,3664480.0,2855080.0,15.114197273452625,14.86461077194825,35,"59 St (N,R)",59 St,11.535695958536108,11.271739811398168,1.5612070900081172,1.2457181036194163,0.1184854404768795,0,2.5649493574615367,1,0.0,0,0.0
122,23040650.0,15842348.0,16.952770648601128,16.578197228810417,614,"59 St-Columbus Circle (A,B,C,D,1)",59 St-Columbus Circle,13.418341797742992,13.102943113589392,1.2459868541024983,1.2667830943070382,0.013506718698488,0,3.5553480614894135,1,0.0,1,0.0
124,4753706.0,3033839.0,15.374435292693294,14.925339701837549,263,"63 Dr-Rego Park (M,R)",63 Dr-Rego Park,11.527281713456865,11.28051488840081,0.16385138785704206,-0.04367608168000419,0.1249339174603862,0,2.5649493574615367,0,0.0,0,0.0
125,1098148.0,729908.0,13.909136593120074,13.500675147819932,268,"65 St (M,R)",65 St,8.352254516230584,10.727923499224085,0.8270327463241051,0.910949303477896,0.0857067825203962,0,2.5649493574615367,0,0.0,0,0.0
126,7068256.0,4771815.0,15.771124472824626,15.378237503200058,314,66 St-Lincoln Center (1),66 St-Lincoln Center,13.593326016036876,13.292284485692303,-0.6221072504463018,0.9137215859771718,0.0186263061555437,0,2.3978952727983707,1,0.0,0,0.0
127,2641450.0,1658341.0,14.786838945348203,14.321328866023718,262,"67 Av (M,R)",67 Av,10.775146431117404,10.274512426075999,1.0564794372152415,1.274530445264594,0.1343128999389123,0,2.5649493574615367,0,0.0,0,0.0
128,6699711.0,5164087.0,15.717575098362683,15.45723907185692,399,68 St-Hunter College (6),68 St-Hunter College,13.465834102603049,12.962117587306617,-0.6017955918304693,-0.25143206790137723,0.0240944180465062,0,2.4849066497880004,1,0.0,0,0.0
129,1564387.0,1391674.0,14.263005251161614,14.146018615605007,455,69 St (7),69 St,10.629501353157735,10.36948113087445,-0.5142849568816666,0.20462257763196795,0.088015709018322,0,2.70805020110221,0,0.0,0,0.0
130,5508778.0,3892682.0,15.521853559476645,15.174609195072668,277,"7 Av (B,D,E)",7 Av,15.120587124876138,14.89906839773189,-0.6857107390704177,-0.24419345462124797,0.0083052521334352,0,2.995732273553991,0,0.0,0,0.0
131,3103599.0,2160144.0,14.94807328600193,14.585685907036885,41,"7 Av (B,Q)",7 Av,11.472042646681405,11.617773480934304,-0.1841989021142295,-0.1627098108063085,0.0787143518616486,0,2.5649493574615367,0,0.0,0,0.0
132,3675218.0,2688069.0,15.117123280690286,14.804334021952766,240,"7 Av (F,G)",7 Av,10.94781232224867,10.837390543688834,0.5938357901822482,0.41072796959922886,0.0887059900232193,0,2.70805020110221,1,0.0,0,0.0
133,1722921.0,1069576.0,14.359532244607236,13.882773801172926,64,71 St (D),71 St,10.70466646636951,12.671302130917441,-0.502683090557006,-0.18581083556854494,0.136124961770428,0,1.9459101490553132,0,0.0,0,0.0
134,12379560.0,9086110.0,16.331557364171957,16.022257541823826,313,"72 St (1,2,3)",72 St,13.17005865379471,11.68165714866825,1.264343707857076,0.7689736054727889,0.0236403195621368,0,3.1780538303479458,1,0.0,0,0.0
135,2837041.0,2343378.0,14.85827251805222,14.667104462837813,160,"72 St (B,C)",72 St,7.890673753148015,7.890673753148015,-1.2875661154937512,-1.6647486555251143,0.0220419993648455,0,2.3978952727983707,0,0.0,0,0.0
136,9528891.0,6478996.0,16.06983900444303,15.684076272397569,477,72 St (Q),72 St,13.147178893380273,12.49078196306925,1.6757115615132778,2.230408871982058,0.0291086581106052,0,2.0794415416798357,1,0.0,0,0.0
137,17077862.0,14348691.0,16.65329362140088,16.47916934618972,616,"74-Broadway (7)/Jackson Hts-Roosevelt Av (E,F,M,R)",74 St-Broadway,12.258462686973411,12.842023410954587,-0.0033538038591182616,0.16544197217040413,0.0929553975839919,0,3.7612001156935624,1,0.0,1,0.0
139,1059027.0,683707.0,13.872862064271784,13.435286204871895,260,"75 Av (E,F)",75 Av,10.985581809053736,10.411189860645699,0.4121558040315126,0.4973818347144817,0.1511659377538466,0,2.833213344056216,0,0.0,0,0.0
140,1029388.0,403508.0,13.844475980307287,12.907954071276105,85,"75 St-Elderts Ln (J,Z)",75 St-Elderts Ln,8.489998762422825,9.622281106466943,0.6895216846847726,-0.10443222564931486,0.1330353377753434,0,1.9459101490553132,0,0.0,0,0.0
141,7821286.0,6231273.0,15.872359676985134,15.645091364239532,398,77 St (6),77 St,13.91378250151912,12.976261985496292,-0.17052823520038854,0.43521797581447763,0.0305369002356141,0,2.4849066497880004,0,0.0,0,0.0
142,1674582.0,1194631.0,14.331074737022927,13.99334874613068,37,77 St (R),77 St,11.975245074803828,10.927499425611986,-0.08996266078263915,-0.28134007772656666,0.1318620683289927,0,1.9459101490553132,0,0.0,0,0.0
143,4745863.0,3519664.0,15.372784059857192,15.073876372590739,312,79 St (1),79 St,12.231660720133707,11.300648698665125,1.238728259492594,0.0171616291805287,0.029319686986735,0,2.3978952727983707,0,0.0,0,0.0
144,1926290.0,1311172.0,14.47110695026989,14.086432714375459,65,79 St (D),79 St,11.953479052396183,11.189530206791655,-0.2924664581104453,0.003511025050240555,0.1423712376184177,0,1.9459101490553132,0,0.0,0,0.0
145,3801700.0,2561457.0,15.150959156118434,14.756087185584375,71,8 Av (N),8 Av,12.37592975255734,11.756519989496823,-0.7417611294599487,-0.9891635298721662,0.1230000400690996,0,1.9459101490553132,1,0.0,0,0.0
146,5434212.0,3780675.0,15.508225265844683,15.145413387585359,16,"8 St-New York University (R,W)",8 St-NYU,15.030286698253265,14.131106320356748,0.8867196957164302,0.3672672729040652,0.0260430955341323,0,2.3978952727983707,0,0.0,0,0.0
147,1298825.0,898594.0,14.076971337489056,13.708587711391722,190,80 St (A),80 St,10.061387678142605,9.478276629288722,-0.5542240946238212,-0.666729233529634,0.1460535172633575,0,2.1972245773362196,0,0.0,0,0.0
148,4407607.0,3531009.0,15.298842696640849,15.07709450696542,159,"81 St-Museum of Natural History (B,C)",81 St-Museum of Natural History,7.890673753148015,7.890673753148015,-1.2875661154937512,-1.6647486555251143,0.0290618054841718,0,2.3978952727983707,0,0.0,0,0.0
149,4893865.0,2722243.0,15.403493142144026,14.816967098146737,453,82 St-Jackson Hts (7),82 St-Jackson Hts,13.082620561414402,12.205602103341313,0.7299517493990818,1.538672086356926,0.1005640288075181,0,2.70805020110221,0,0.0,0,0.0
150,1061293.0,829926.0,13.874999476290043,13.629093024097564,84,85 St-Forest Pkwy (J),85 St-Forest Pkwy,10.51100903161795,9.897719986279368,-0.555928545507435,-0.1165324997444973,0.1388358610914252,0,1.9459101490553132,0,0.0,0,0.0
151,8378778.0,5443029.0,15.941212757785118,15.509846449067508,476,86 St (Q),86 St,12.980703792544762,13.081134620253401,0.7973258211553936,2.0578981455380916,0.0395760464169907,0,2.0794415416798357,1,0.0,0,0.0
152,5659795.0,3983729.0,15.548898407126996,15.197729124305726,311,86 St. (1),86 St,12.218425568677866,10.980833932544861,0.42802119434184605,0.22190057311446162,0.0346297135419827,0,2.3978952727983707,0,0.0,0,0.0
153,13537308.0,10472358.0,16.42096006123525,16.164249867878837,397,"86 St. (4,5,6)",86 St,12.818320604074176,12.731755406982039,1.9792628180028884,2.53656978817457,0.0375759415716948,0,3.295836866004329,2,0.0,0,0.0
154,3232637.0,2486809.0,14.98880908013221,14.72651132260134,158,"86 St. (B,C)",86 St,7.890673753148015,7.890673753148015,-1.2875661154937512,-1.6647486555251143,0.034446249142688,0,2.3978952727983707,0,0.0,0,0.0
155,708542.0,557808.0,13.470966027873187,13.231771888860706,79,86 St. (N),86 St,9.505914098903052,10.249121103665237,-0.4758124159452923,-0.6782443748849598,0.1622816099901667,0,1.9459101490553132,0,0.0,0,0.0
156,3434888.0,2636985.0,15.049495168705985,14.785147156258,38,86 St. (R),86 St,11.347291040218874,11.364532092447332,0.3018534481183391,-0.20745732423387245,0.139468490251383,0,1.9459101490553132,1,0.0,0,0.0
157,853110.0,576816.0,13.656644946964402,13.265280337472788,191,88 St (A),88 St,8.418938102568779,10.006932866760316,-0.534678689242528,-0.6723881087979962,0.1523080895717529,0,2.1972245773362196,0,0.0,0,0.0
158,1708387.0,1263578.0,14.351060793808648,14.04945872858868,59,9 Av (D),9 Av,11.862311561756677,11.667801827201297,-0.243092047123332,-0.36000614036943873,0.1090975831079658,0,1.9459101490553132,0,0.0,0,0.0
159,5272683.0,4476908.0,15.478050088782094,15.31444341090529,452,90 St-Elmhurst Av (7),90 St-Elmhurst Av,10.916446744355463,10.705371179066871,0.9279176676272347,2.1959545003823173,0.1075830555106033,0,2.70805020110221,0,0.0,0,0.0
160,11628887.0,7856393.0,16.269002905134123,15.876838280508323,310,"96 St (1,2,3)",96 St,12.229932206113576,10.817661970435735,0.47063766071554014,-0.09527455482250566,0.0407287943597654,0,3.1780538303479458,1,0.0,0,0.0
161,5145222.0,3760351.0,15.45357926936251,15.140023128005554,396,96 St (6),96 St,11.988634954640139,12.136257683004024,1.0193829923929492,1.6062092321387982,0.0450699554470546,0,2.4849066497880004,0,0.0,0,0.0
162,3038864.0,2133657.0,14.926994648404818,14.573348435582448,157,"96 St (B,C)",96 St,7.890673753148015,7.890673753148015,-1.2875661154937512,-1.6647486555251143,0.0415044453040868,0,2.3978952727983707,0,0.0,0,0.0
163,6154837.0,3832205.0,15.632748997189324,15.158951174456798,475,96 St (Q),96 St,12.70652041422379,12.70652041422379,-0.08331203015118366,-0.16235036864195215,0.0471507563884122,0,2.0794415416798357,1,0.0,0,0.0
164,628299.0,365995.0,13.350773038391038,12.810377683362033,91,Alabama Av (J),Alabama Av,11.30887613216334,10.809486896721543,-0.45084287774887494,-0.6856650266311434,0.1155577612278826,0,1.9459101490553132,0,0.0,0,0.0
165,1614464.0,874229.0,14.294514190407236,13.681098777912444,423,"Allerton Av (2,5)",Allerton Av,9.76817797231991,9.521928776821392,-0.166062586736868,-0.2509046562106689,0.1607193571042388,0,2.70805020110221,0,0.0,0,0.0
166,601436.0,202474.0,13.307077070756833,12.21837170111719,196,Aqueduct Racetrack (A),Aqueduct Racetrack,8.161228681463468,8.866506180888559,-0.9205057256020654,-1.0527256056631653,0.1696594216953392,0,2.1972245773362196,1,0.0,0,0.0
167,263422.0,162584.0,12.481516384145085,11.99895622091796,197,Aqueduct-North Conduit Av (A),Aqueduct-N Conduit Av,8.161228681463468,8.866506180888559,-0.9205057256020654,-1.0527256056631653,0.1731866014447968,0,2.1972245773362196,0,0.0,0,0.0
168,5502925.0,3717074.0,15.52079050874087,15.128447626638375,407,Astor Place (6),Astor Pl,15.030286698253265,14.131106320356748,0.8867196957164302,0.3672672729040652,0.0258323172789398,0,2.4849066497880004,0,0.0,0,0.0
169,723354.0,2350512.0,13.491655390316973,14.67014416016917,2,"Astoria Blvd (N,W)",Astoria Blvd,9.69724764799184,9.478101664279814,-0.8426978477265822,-0.974673801774459,0.067916248519766,0,2.3978952727983707,1,0.0,0,0.0
170,5277341.0,3234661.0,15.478933119838638,14.989434998232833,1,"Astoria-Ditmars Blvd (N,W)",Astoria-Ditmars Blvd,11.465140126039106,11.239101072311279,-0.9125880465912591,-0.6888218222142164,0.0747299381238768,1,2.3978952727983707,0,0.0,0,0.0
171,469819.0,351212.0,13.060104921607756,12.769148156003356,133,Atlantic Av (L),Atlantic Av,12.02863801569935,11.694965656303777,-1.1503558249691854,-1.193962770658946,0.1134649436345808,0,2.4849066497880004,0,0.0,0,0.0
172,13939794.0,9583506.0,16.450258257306167,16.075554158114457,617,"Atlantic Av-Barclays Ctr (B,D,N,Q,R,2,3,4,5)",Atlantic Av-Barclays Ctr,12.746005358157737,12.626524255826459,-0.4903910668319188,-0.43972506938856953,0.0708247995902547,0,4.07753744390572,1,0.5,1,2.03876872195286
175,991766.0,646824.0,13.807243479646353,13.379831057762493,48,Avenue H (Q),Avenue H,10.032949343856323,10.177919872743573,-0.08005806872990177,-0.652169264591237,0.1276045109743373,0,2.0794415416798357,1,0.0,0,0.0
176,584129.0,381174.0,13.277878839777776,12.851013866240107,246,Avenue I (F),Avenue I,10.050470124307076,9.688567757679834,-0.7535729932180718,-0.8874173365814856,0.1298169565696269,0,2.1972245773362196,0,0.0,0,0.0
177,1775846.0,1169052.0,14.389788050174596,13.971704577322111,49,Avenue J (Q),Avenue J,10.254482616640123,10.177919872743573,-0.7093399657364278,-0.652169264591237,0.1319165650325968,0,2.0794415416798357,0,0.0,0,0.0
178,1691285.0,1211324.0,14.340999744271633,14.007225359774823,50,Avenue M (Q),Avenue M,11.494064689098682,11.84993814528569,0.24033643591137605,-0.6527867488543523,0.1394688378276639,0,2.0794415416798357,0,0.0,0,0.0
179,877383.0,600279.0,13.684700031851603,13.305151492009927,248,Avenue N (F),Avenue N,10.953675024555848,10.677407075420291,-0.6926488696352562,-0.5761862065406788,0.1401033775788454,0,2.1972245773362196,0,0.0,0,0.0
180,739804.0,538576.0,13.514141916941053,13.196685755142958,249,Avenue P (F),Avenue P,9.695795572452711,9.568938076171776,-0.6526418126481199,-0.4921734249920981,0.1463682698538154,0,2.1972245773362196,0,0.0,0,0.0
181,547776.0,386152.0,13.21362354880335,12.863988942968914,251,Avenue U (F),Avenue U,10.700493599872887,10.549089184461616,-0.49127106968959305,-0.599350614881386,0.1591931720206602,0,2.1972245773362196,0,0.0,0,0.0
182,1019104.0,877440.0,13.834435349094612,13.684764995594449,78,Avenue U (N),Avenue U,10.024891850076392,10.563299230240519,-0.23264747783275297,-0.7879150727225861,0.1575020923607032,0,1.9459101490553132,0,0.0,0,0.0
183,2301941.0,1589246.0,14.649263672464365,14.278770877114004,52,Avenue U (Q),Avenue U,10.421793177068297,10.479890798263536,0.02272159464748976,0.01423241327179229,0.1581117991833618,0,2.0794415416798357,0,0.0,0,0.0
184,758700.0,479429.0,13.53936303936932,13.080353177247265,252,Avenue X (F),Avenue X,10.801178201723852,10.801178201723852,-1.137743823267878,-1.477833985343174,0.1655673304127382,0,2.1972245773362196,0,0.0,0,0.0
185,821873.0,575901.0,13.619342377617489,13.263692786313877,70,Bay 50 St (D),Bay 50 St,10.43115319693786,10.43115319693786,-0.6655859619808965,-0.8887812508995215,0.1660591662811752,0,1.9459101490553132,0,0.0,0,0.0
186,2446673.0,1714685.0,14.7102401091933,14.354740531440079,68,Bay Pkwy (D),Bay Pkwy,10.993573772189029,11.046934794359787,0.23388279557084726,0.5337596334481173,0.1533338990862752,0,1.9459101490553132,1,0.0,0,0.0
187,362802.0,279620.0,12.801615266207673,12.541190393817518,247,Bay Pkwy (F),Bay Pkwy,10.441957417541367,10.441957417541367,-1.049782668230475,-1.3680957745710958,0.1344151883419393,0,2.1972245773362196,0,0.0,0,0.0
188,2071452.0,1594271.0,14.5437608513694,14.28192776367459,76,Bay Pkwy (N),Bay Pkwy,10.65127742752502,10.492022803952691,0.3677770520292298,0.3997167708939479,0.1431011821369752,0,1.9459101490553132,0,0.0,0,0.0
189,2354120.0,1784703.0,14.671677967350487,14.394763133114639,36,Bay Ridge Av (R),Bay Ridge Av,9.946814601476257,10.840558079181653,0.6708887994578198,-0.047028863190596536,0.1262318209406772,0,1.9459101490553132,0,0.0,0,0.0
190,1743441.0,1176225.0,14.371371878126379,13.977821565847849,39,Bay Ridge-95 St (R),Bay Ridge-95 St,10.530426403028862,10.124285326235231,0.17810951218418306,-0.09874486099247265,0.1460074130309862,1,1.9459101490553132,0,0.0,0,0.0
191,1094872.0,540493.0,13.906148932771178,13.200238815167223,443,Baychester Av (5),Baychester Av,10.253581047844884,10.308067495214294,-0.8748469138232727,-0.881356643905752,0.1909477872351528,0,2.0794415416798357,0,0.0,0,0.0
192,88439.0,62878.0,11.390079634971382,11.048967523668741,202,Beach 105 St (S3),Beach 105 St,9.587930225179441,9.705234030987238,-0.233632721274017,-1.342055439161191,0.2322748069894822,0,1.6094379124341003,0,0.0,0,0.0
193,517164.0,318542.0,13.156117251509547,12.671512752730909,208,Beach 25 St (A),Beach 25 St,9.175713042163629,11.041213301116864,-0.6443071896628336,-0.12162890425797043,0.2711922826427737,0,2.1972245773362196,0,0.0,0,0.0
194,292305.0,170361.0,12.585556477744634,12.045680863813272,207,Beach 36 St (A),Beach 36 St,7.6141801409247325,9.128895185994667,-1.1262224066534263,-1.114974767592717,0.2683678792795381,0,2.1972245773362196,0,0.0,0,0.0
195,215701.0,140167.0,12.28165310447149,11.850596982166923,206,Beach 44 St (A),Beach 44 St,7.767918926311494,7.767918926311494,-0.8826251165518296,-1.1595540537347158,0.2636070219436416,0,2.1972245773362196,0,0.0,0,0.0
196,623826.0,355668.0,13.343628365322711,12.78175580204412,205,Beach 60 St (A),Beach 60 St,7.767918926311494,7.767918926311494,-0.8826251165518296,-1.1595540537347158,0.2542171299499655,0,2.1972245773362196,0,0.0,0,0.0
197,718008.0,474975.0,13.484237382770743,13.071019555424492,204,Beach 67 St-Arverne By The Sea (A),Beach 67 St,10.105758148277912,8.994933362728842,-0.498908596659012,-1.1892600090599996,0.2487661040113704,0,2.1972245773362196,1,0.0,0,0.0
198,348771.0,172663.0,12.762173692565375,12.059102788438807,200,Beach 90 St (S3),Beach 90 St,10.11851536109238,8.977508356049336,-0.6654341479953734,-1.2832947406297934,0.238466875764741,0,1.6094379124341003,0,0.0,0,0.0
199,164130.0,97689.0,12.008420168438793,11.489554478646989,201,Beach 98 St (S3),Beach 98 St,8.98757024405693,9.410555572022938,-0.6141545371896735,-1.1886958739154414,0.2355314692625937,0,1.6094379124341003,0,0.0,0,0.0
200,7836366.0,8399477.0,15.874285892069798,15.943680119025451,120,Bedford Av (L),Bedford Av,12.246288370549342,12.314093220405809,0.06679658123749653,-0.03599230189213194,0.0463614883281321,0,2.4849066497880004,1,0.0,0,0.0
201,2143375.0,1166942.0,14.57789271403496,13.969898066888165,211,"Bedford Park Blvd (B,D)",Bedford Park Blvd,9.692870093486768,9.827972826801904,2.580735589886644,1.8070697583569761,0.1529298838683937,0,2.4849066497880004,1,0.0,0,0.0
202,1538253.0,1182701.0,14.246158564956906,13.98331220928369,380,Bedford Park Blvd-Lehman College (4),Bedford Park Blvd-Lehman College,11.33130972115798,10.684689203224867,-0.9859641859368512,-1.4447842191714484,0.1512252169447956,0,2.1972245773362196,0,0.0,0,0.0
203,2795387.0,1985142.0,14.843481474257041,14.501201509810917,289,Bedford-Nostrand Avs (G),Bedford-Nostrand Avs,9.88067473527816,10.352864329982147,0.24399782873456113,0.4698574158653771,0.072037997008516,0,1.9459101490553132,0,0.0,0,0.0
204,1208319.0,990992.0,14.004741523059163,13.80646274971503,339,"Bergen St (2,3)",Bergen St,12.310204929215256,12.094744012409418,0.28520791013597974,0.2908962571087101,0.0746040122580503,0,2.6390573296152584,0,0.0,0,0.0
205,3577496.0,2701492.0,15.090173951837969,14.809315141109836,236,"Bergen St (F,G)",Bergen St,11.912230907469562,11.526015763147976,-0.16279055344496596,0.11307765225315893,0.0690965778385558,0,2.70805020110221,0,0.0,0,0.0
206,1048249.0,795709.0,13.86263266503301,13.586990076837239,45,Beverley Rd (Q),Beverley Rd,9.521233880746221,9.769024669963523,-1.0592096317191422,-1.0617335995194483,0.112572186729226,0,2.0794415416798357,0,0.0,0,0.0
207,1284232.0,951520.0,14.065672210943866,13.765817035889928,357,"Beverly Rd (2,5)",Beverly Rd,8.072501224415213,9.283662613760248,-0.8049585406859519,0.11060237407465738,0.1152577584590291,0,2.70805020110221,0,0.0,0,0.0
208,1325244.0,887619.0,14.097107905969892,13.696299002459094,103,"Bowery (J,Z)",Bowery,12.138629543568435,12.526057694236385,-0.7105725375289631,0.6341820987999641,0.0360118261825182,0,1.9459101490553132,0,0.0,0,0.0
209,8362034.0,4575586.0,15.939212376491419,15.336245554472175,414,"Bowling Green (4,5)",Bowling Green,14.198808943480602,14.380023117378167,0.30036510576532804,-0.3594286695770767,0.0584141345395147,0,2.772588722239781,1,0.0,0,0.0
211,3745994.0,2635382.0,15.136197827228205,14.784539080438803,55,"Brighton Beach (B,Q)",Brighton Beach,11.478016494047564,11.124667234254755,0.7070845944108758,1.7094235450602617,0.1787167849335904,0,2.5649493574615367,0,0.0,0,0.0
212,90358.0,52378.0,11.411545903676965,10.866261026623258,199,"Broad Channel (A,S3)",Broad Channel,9.36240111175515,9.36240111175515,-1.185484527268235,-1.5373941336355745,0.2229724869776553,0,2.5649493574615367,0,0.0,0,0.0
213,2172223.0,1214353.0,14.591262085473417,14.009722806118205,107,"Broad St (J,Z)",Broad St,15.171960286127488,14.771490387016572,-0.8981093966737028,1.3621583855245623,0.055469909969278,0,1.9459101490553132,0,0.0,0,0.0
214,1506905.0,1112371.0,14.225569100082572,13.922005230223286,286,Broadway (G),Broadway,10.300023122072268,10.668736139619902,-0.17723369116542534,0.21886409720424532,0.0593074340028236,0,1.9459101490553132,0,0.0,0,0.0
215,3038655.0,2763230.0,14.9269258703619,14.831911205188284,4,"Broadway (N,W)",Broadway,10.968931625558879,11.01027738348565,0.436193649384445,-0.007342334337636316,0.0588999190491815,0,2.3978952727983707,0,0.0,0,0.0
219,12455155.0,9268403.0,16.337645231690306,16.04212175443459,619,"Broadway-Lafayette St (B,D,F,M)/Bleecker St (6)",Bleecker St,13.542509340961765,13.411054231552324,-0.15440262601550445,-0.3835466340595372,0.0308827541841722,0,3.6109179126442243,1,0.0,1,0.0
221,769303.0,456352.0,13.55324148896555,13.031021911825025,425,"Bronx Park East (2,5)",Bronx Park East,10.328862513193057,10.328862513193057,-0.7422560881920964,-0.9844330470419075,0.1489048489237235,0,2.70805020110221,0,0.0,0,0.0
222,1823468.0,1104521.0,14.416251288812168,13.914923220159103,376,Brook Av (6),Brook Av,11.09776122321502,11.233744954184823,0.5094138097987153,0.5750993806512739,0.0834719423279419,0,2.4849066497880004,0,0.0,0,0.0
223,9065146.0,5881022.0,16.019947618255824,15.587241284333953,622,"Brooklyn Bridge-City Hall (4,5,6)/Chambers St (J,Z)",Brooklyn Bridge-City Hall,11.44927485449034,14.082753955710345,-1.2875661154937512,-1.2546715863888558,0.0464265482886695,0,3.4965075614664802,1,0.0,1,0.0
225,1146032.0,758972.0,13.951816971653749,13.539721482622499,361,Buhre Av (6),Buhre Av,12.150706998263187,11.37569982984603,0.3353230827230352,-0.34551246811187264,0.1771406104228957,0,2.4849066497880004,0,0.0,0,0.0
226,1000896.0,532937.0,13.81640715590019,13.186160373680282,422,"Burke Av (2,5)",Burke Av,8.374666938581889,8.374666938581889,-0.034931588898622086,-0.10199209961783404,0.1649625740342276,0,2.70805020110221,0,0.0,0,0.0
227,3113514.0,1891402.0,14.951262871012283,14.45282943968897,384,Burnside Av (4),Burnside Av,10.743884400500626,10.356401692073165,0.3500506447874987,0.5654567275128922,0.1246468036694049,0,2.1972245773362196,0,0.0,0,0.0
228,600188.0,548179.0,13.3049998845962,13.214358979149912,131,Bushwick Av-Aberdeen St (L),Bushwick Av-Aberdeen St,9.491152448692706,9.32417481071321,-0.6866954335239286,-0.8892556080435889,0.1067518104858164,0,2.4849066497880004,0,0.0,0,0.0
229,1984827.0,1148885.0,14.501042818475055,13.954303335198407,325,Canal St (1),Canal St,14.02820780893208,13.144911050440495,-0.8937762186308434,-1.2868783522803195,0.0390283338742532,0,2.3978952727983707,0,0.0,0,0.0
230,6403172.0,3950546.0,15.672304206720982,15.189364608302352,169,"Canal St (A,C,E)",Canal St,13.448833049366467,13.578535085537998,-0.6182510916070654,-0.41272271341231476,0.0401477797269057,0,3.091042453358316,0,0.0,0,0.0
231,15861864.0,10521747.0,16.579428358682616,16.16895491116666,623,"Canal St (J,N,Q,R,W,Z,6)",Canal St,13.743336540185913,13.743336540185913,-0.6753986104506063,-0.9010232739327962,0.0395626927546634,0,3.713572066704308,1,0.0,1,0.0
235,3302691.0,861420.0,15.010248451463095,13.666338630223027,138,Canarsie-Rockaway Pkwy (L),Canarsie-Rockaway Pkwy,11.131360855407639,11.229694438354358,-0.5561321811602965,-0.8998528389356533,0.1358889951982868,1,2.4849066497880004,1,0.0,0,0.0
236,3615019.0,2625017.0,15.100607946063155,14.780598311127209,237,"Carroll St (F,G)",Carroll St,11.555786952148003,11.207408308925531,-0.2575481887501897,-0.46833586253839676,0.0754106803642536,0,2.70805020110221,0,0.0,0,0.0
237,1954511.0,1051526.0,14.485651103873966,13.865753951398652,365,Castle Hill Av (6),Castle Hill Av,10.497190545795585,9.953893214127566,-0.18219488199400535,-0.382091438283575,0.1546842374290175,0,2.4849066497880004,0,0.0,0,0.0
238,3703893.0,2898816.0,15.124895256628129,14.879813280695721,308,Cathedral Pkwy-110 St (1),Cathedral Pkwy (110 St),11.187738062270789,10.87066649489408,-0.4901955399231822,-0.20982651805598446,0.0519788023909733,0,2.3978952727983707,0,0.0,0,0.0
239,2396624.0,1684290.0,14.689572055620692,14.336855261706072,155,"Cathedral Pkwy-110 St (B,C)",Cathedral Pkwy (110 St),10.8239955416135,10.8239955416135,2.139112336576068,2.610292549441736,0.0525016012136754,0,2.3978952727983707,0,0.0,0,0.0
240,1472067.0,821947.0,14.202178772856147,13.619432411696664,114,Central Av (M),Central Av,11.057833213014185,10.835357244880635,0.028074098901327893,0.15699221287405218,0.0803604595432325,0,1.9459101490553132,0,0.0,0,0.0
241,2666985.0,1598022.0,14.79645955380654,14.284277798196017,441,"Central Park North-110 St (2,3)",Central Park North (110 St),11.310478439200597,10.565768496380137,2.4243906113946125,2.1084017563325963,0.0546521208097128,0,2.6390573296152584,0,0.0,0,0.0
242,5941546.0,3782605.0,15.597480095141252,15.145923748045776,327,"Chambers St (1,2,3)",Chambers St,13.67798261764597,14.433170753532902,0.43327308001897175,0.8979190894792075,0.0468237636248972,0,3.1780538303479458,1,0.0,0,0.0
243,20820549.0,12298422.0,16.851451037708998,16.32498160074075,624,"Chambers St (A,C)/WTC (E)/Park Place (2,3)/Cortlandt (R,W)",Park Place,15.106159338535319,14.433170753532902,0.5819231111051898,0.8979190894792075,0.0486510485190187,0,3.8066624897703196,0,0.0,1,0.0
247,1076510.0,623164.0,13.889235814034395,13.342566610215718,93,"Chauncey St (J,Z)",Chauncey St,10.13397565330808,10.04746791211457,0.40772356084511524,0.1342323824018023,0.1029258373053124,0,1.9459101490553132,0,0.0,0,0.0
248,3412332.0,2817379.0,15.042906779548925,14.851317933039624,323,Christopher St-Sheridan Sq (1),Christopher St-Stonewall,12.62859124644001,12.401648712823262,0.5966830208917532,0.993392236499241,0.0286136561802249,0,2.3978952727983707,0,0.0,0,0.0
249,2862033.0,1947722.0,14.867043118832301,14.48217155594839,356,"Church Av (2,5)",Church Av,10.10768154019735,10.11117332108981,0.057265203717338224,0.8294244761698498,0.1096035577615953,0,2.70805020110221,1,0.0,0,0.0
250,5061013.0,3194658.0,15.437077416444119,14.976990910833324,44,"Church Av (B,Q)",Church Av,10.290709886198337,11.438851460341334,1.372717462440042,0.9666458074162211,0.1064682086493448,0,2.5649493574615367,0,0.0,0,0.0
251,3051736.0,2060505.0,14.931221494672068,14.538462141671353,243,"Church Av (F,G)",Church Av,10.061445482081876,12.882047299995321,-0.6171927992304989,-0.14596860437439463,0.1109432177512416,0,2.70805020110221,1,0.0,0,0.0
252,1710380.0,1138401.0,14.35222671067859,13.945136082607958,20,"City Hall (R,W)",City Hall,14.141559665042317,14.126977105968047,-1.2352652670525248,-0.6254240015231631,0.0475399453933257,0,2.3978952727983707,0,0.0,0,0.0
253,1781419.0,1554195.0,14.392921357041615,14.256468928082624,334,"Clark St (2,3)",Clark St,11.60848706527945,11.329494293360915,3.1109367672970025,2.4548688163873655,0.0581482566548668,0,2.6390573296152584,0,0.0,0,0.0
254,1722852.0,1342389.0,14.359492195561659,14.109962165322875,290,Classon Av (G),Classon Av,10.906936921177476,10.434685329654142,0.49122530421038546,0.0396709354998327,0.0702296919329668,0,1.9459101490553132,0,0.0,0,0.0
255,880879.0,440455.0,13.688676686787472,12.99556583287676,89,Cleveland St (J),Cleveland St,10.645410177721775,10.190715238684685,-0.2601920372676581,-0.27927027567548085,0.1244610803825743,0,1.9459101490553132,0,0.0,0,0.0
256,2144338.0,1587595.0,14.578341904345507,14.277731480361544,177,Clinton-Washington Avs (C),Clinton-Washington Avs,13.001862342269055,12.161937508503629,0.018282583327657087,-0.05683435447483622,0.0739034370851586,0,1.791759469228055,0,0.0,0,0.0
257,1609332.0,1263928.0,14.291330365406324,14.04973568122522,291,Clinton-Washington Avs (G),Clinton-Washington Avs,9.809368740762732,10.577570792428345,-0.32342133560961517,0.16282805841292225,0.0689797770509605,0,1.9459101490553132,0,0.0,0,0.0
258,4579191.0,3220518.0,15.337033121312693,14.985053084656695,58,"Coney Island-Stillwell Av (D,F,N,Q)",Coney Island-Stillwell Av,10.53258019104368,10.226434014576633,-0.7181618206318517,-0.4768522852760329,0.1774995683741236,1,3.332204510175204,1,0.0,0,0.0
259,1957538.0,1296344.0,14.487198630020275,14.075059324172141,46,Cortelyou Rd (Q),Cortelyou Rd,10.065299634621647,12.352256383029316,0.3049057929389105,-0.23857604933269852,0.1157333858918849,0,2.0794415416798357,0,0.0,0,0.0
260,7033377.0,5381184.0,15.76617766046892,15.498419168107294,606,"Court Sq (E,G,M,7)",Court Sq,12.018769134413851,12.018769134413851,-0.7666541626425417,-1.0148714949606206,0.0395287847650293,0,3.5553480614894135,1,0.0,1,0.0
263,10135722.0,6066699.0,16.131576672275038,15.618325357869313,620,"Court St (R)/Borough Hall (2,3,4,5)",Borough Hall,15.2786574602684,15.2786574602684,-0.721647647719649,-0.9587224548687192,0.061971943369561,0,3.5553480614894135,1,0.0,1,0.0
266,1391945.0,756318.0,14.146213326020582,13.536218523834524,87,"Crescent St (J,Z)",Crescent St,10.131111227723236,10.131111227723236,-0.5535208376509346,-0.7489715106944145,0.1314880095712118,0,1.9459101490553132,0,0.0,0,0.0
267,7933008.0,5071387.0,15.886542966784946,15.43912510535833,345,"Crown Heights-Utica Av (3,4)",Crown Hts-Utica Av,9.96886711167056,10.051501836260094,1.710149123742216,1.0127639962408188,0.100017175390027,0,2.70805020110221,1,0.0,0,0.0
268,1043922.0,501060.0,13.858496289915431,13.124483129142309,375,Cypress Av (6),Cypress Av,11.123852458094298,10.794768469744263,0.333115011390959,0.8618737257878516,0.0862620472050147,0,2.4849066497880004,0,0.0,0,0.0
269,420647.0,286484.0,12.949551658421122,12.565441457745365,86,Cypress Hills (J),Cypress Hills,9.27041281417787,9.27041281417787,-1.2875661154937512,-1.6647486555251143,0.1289991247295816,0,1.9459101490553132,0,0.0,0,0.0
270,6708640.0,4272247.0,15.718906954903137,15.267650710371647,26,"DeKalb Av (B,Q,R)",DeKalb Av,12.375538303209636,12.375538303209636,1.0938290635404428,1.3062224052498517,0.0643018289086696,0,2.9444389791664403,1,0.0,0,0.0
271,3290894.0,2772609.0,15.006670122220507,14.83529967280284,127,DeKalb Av (L),DeKalb Av,13.235269840199265,12.274421382627477,-0.24143672409683914,0.28556086213045795,0.0831274115199021,0,2.4849066497880004,0,0.0,0,0.0
272,8861296.0,7083681.0,15.997203700129399,15.773304386984563,625,"Delancey St (F)/Essex St (J,M,Z)",Delancey St-Essex St,12.194763458603918,12.526057694236385,0.5327334407282571,0.6341820987999641,0.0365214528325442,0,3.044522437723423,0,0.0,1,0.0
274,1177275.0,848061.0,13.978713853230365,13.650709025308947,244,Ditmas Av (F),Ditmas Av,12.516639309541604,11.856814315100715,-0.6760370062649148,-0.26490712106954606,0.1189238897152273,0,2.1972245773362196,0,0.0,0,0.0
275,2079656.0,1512897.0,14.547713534233212,14.229537574767614,299,Dyckman St (1),Dyckman St,10.655474243628714,11.227536948785703,1.1156606690833821,2.302314383485242,0.1207308885786922,0,2.3978952727983707,1,0.0,0,0.0
276,2238372.0,1306098.0,14.621259820633329,14.08255538992716,144,Dyckman St (A),Dyckman St,11.309552604061482,8.02724788621098,1.0793858356355155,-1.467926254839578,0.1242921909131814,0,2.1972245773362196,0,0.0,0,0.0
277,1001343.0,602303.0,13.816853655604698,13.30851758021846,137,East 105 St (L),East 105 St,10.829301761351887,11.016520454087694,-1.2875661154937512,-1.4422339081592366,0.1342643219697581,0,2.4849066497880004,0,0.0,0,0.0
278,313938.0,254155.0,12.656953978502088,12.44570353070183,374,East 143 St-St Mary's St (6),E 143 St-St Mary's St,11.028695383520642,11.028695383520642,-0.24623047362460435,-0.36560348055189484,0.0934063081916825,0,2.4849066497880004,0,0.0,0,0.0
279,1467410.0,966053.0,14.199010181485809,13.780975012253391,373,East 149 St (6),E 149 St,11.530234188103076,10.96417259085751,1.822751522902148,0.695229138294864,0.0982762897549468,0,2.4849066497880004,1,0.0,0,0.0
280,2211198.0,1690373.0,14.60904546031226,14.340460364190779,426,"East 180 St (2,5)",E 180 St,10.328862513193057,10.328862513193057,-0.7422560881920964,-0.9844330470419075,0.140644438852024,0,2.70805020110221,1,0.0,0,0.0
281,4460330.0,3729749.0,15.310733536489069,15.131851765245095,234,East Broadway (F),East Broadway,12.059012660763441,11.019163876417691,0.6412245469520726,0.24039505985658832,0.0416450495737481,0,2.1972245773362196,0,0.0,0,0.0
282,1331886.0,727475.0,14.10210729164896,13.49733628779289,442,Eastchester-Dyre Av (5),Eastchester-Dyre Av,10.137757510418192,9.599502718184082,-1.2220797466213176,-1.0360046964499792,0.2031142130821969,1,2.0794415416798357,0,0.0,0,0.0
283,1338351.0,1125810.0,14.10694956429376,13.93401422279396,341,"Eastern Pkwy-Brooklyn Museum (2,3)",Eastern Pkwy-Brooklyn Museum,5.590865572965593,5.590865572965593,-1.2875661154937512,-1.6647486555251143,0.0852039094995016,0,2.6390573296152584,1,0.0,0,0.0
284,1996492.0,1214084.0,14.506902699343529,14.009501264625007,369,Elder Av (6),Elder Av,10.041573796137868,9.72918213766881,1.2105604122302889,2.5796465245336657,0.1281443215167906,0,2.4849066497880004,0,0.0,0,0.0
285,3867341.0,2676734.0,15.168078007330458,14.800108326194223,266,"Elmhurst Av (M,R)",Elmhurst Av,9.695624298677892,11.07426004885496,2.490872723133422,2.9601596448554632,0.1027396476779917,0,2.5649493574615367,0,0.0,0,0.0
286,3240578.0,2146235.0,14.99126257550661,14.579226168167306,188,"Euclid Av (A,C)",Euclid Av,11.003480551219992,10.387472010936884,-0.27078076785457955,0.05459357373057272,0.1372740862836048,0,2.6390573296152584,1,0.0,0,0.0
287,1347765.0,852781.0,14.113958964881363,13.656259225229125,209,Far Rockaway-Mott Av (A),Far Rockaway-Mott Av,9.644848117506816,9.190271361462601,-0.5110686736392361,-0.7087950270509473,0.2739123820676966,1,2.1972245773362196,1,0.0,0,0.0
288,5684108.0,3601151.0,15.55318494465143,15.096764352237258,359,"Flatbush Av-Brooklyn College (2,5)",Flatbush Av-Brooklyn College,10.646086224551336,10.172977275558123,0.18466755606734916,0.25099178252006943,0.127363747824881,1,2.70805020110221,1,0.0,0,0.0
289,732897.0,729349.0,13.504761817024967,13.49990900551436,287,Flushing Av (G),Flushing Av,12.972810652974315,12.972810652974315,0.07340580168754833,0.03316701007765298,0.064131897562754,0,1.9459101490553132,0,0.0,0,0.0
290,2773154.0,1614503.0,14.835496219177147,14.294538346724625,98,"Flushing Av (J,M)",Flushing Av,12.973337954789342,12.973337954789342,-0.9728959942484908,-1.2721738186644092,0.069452929930995,0,2.5649493574615367,1,0.0,0,0.0
291,17568837.0,13876213.0,16.681637322518068,16.44568670926476,447,Flushing-Main St (7),Flushing-Main St,12.461703091064447,12.773809066558014,-0.7316468991990844,-0.8198723990265041,0.1540417180506642,1,2.70805020110221,1,1.0,0,2.70805020110221
292,3120976.0,2269772.0,14.953656651792889,14.635190384457252,382,Fordham Rd (4),Fordham Rd,12.776087557532653,11.712270005144822,0.16767433737769205,0.4012220058453631,0.1361117723233369,0,2.1972245773362196,1,0.0,0,0.0
293,3671217.0,1842281.0,15.116034045079724,14.426515578542169,213,"Fordham Rd (B,D)",Fordham Rd,11.009135787935882,10.978709425530095,1.7707042933879764,2.177327780532567,0.1369647539223105,0,2.4849066497880004,0,0.0,0,0.0
294,1310163.0,923548.0,14.08566287818131,13.73597913622847,110,Forest Av (M),Forest Av,8.968613051671543,10.207177047296495,0.14845120358861935,0.6936693441353252,0.0953753608538381,0,1.9459101490553132,0,0.0,0,0.0
295,8027234.0,5509732.0,15.898350692878024,15.52202672260473,261,"Forest Hills-71 Av (E,F,M,R)",Forest Hills-71 Av,11.938097887506077,12.965402843627766,-0.26029928752136,-0.5273906369995901,0.1433779241096703,0,3.367295829986474,1,0.0,0,0.0
296,1207971.0,873254.0,14.004453478400318,13.679982888389874,60,Fort Hamilton Pkwy (D),Fort Hamilton Pkwy,10.654708840331894,10.462568087700083,1.5468005940499048,1.236172391274835,0.1144507781188027,0,1.9459101490553132,0,0.0,0,0.0
297,1800167.0,1341506.0,14.403390551844442,14.10930416687371,242,"Fort Hamilton Pkwy (F,G)",Fort Hamilton Pkwy,9.7568836999751,10.080532627206138,0.07808891620327371,-0.15318296358316003,0.1044422907638467,0,2.70805020110221,0,0.0,0,0.0
299,4999385.0,3312190.0,15.424825662857836,15.013120461906615,626,"Franklin Av (2,3,4,5)/Botanic Garden (S1)",Franklin Av-Medgar Evers College,12.380504616036848,11.6950894664194,-0.7321179499700607,0.18538086133706452,0.0881015135227539,0,3.5263605246161616,0,0.0,1,0.0
301,1977940.0,1210340.0,14.497566962610726,14.006412696051457,627,"Franklin Av (C,S1)",Franklin Av,9.887427374673912,10.707932029103075,0.10820276886423046,-0.23213386005764997,0.078373602086419,0,2.3978952727983707,1,0.0,1,0.0
303,1567005.0,1329726.0,14.264677350303387,14.100484215970676,326,Franklin St (1),Franklin St,13.448833049366467,13.578535085537998,-0.6182510916070654,-0.41272271341231476,0.0423065919213524,0,2.3978952727983707,0,0.0,0,0.0
304,1358821.0,822237.0,14.122128705894047,13.619785169843258,429,"Freeman St (2,5)",Freeman St,9.732496316447394,9.616073761782339,0.4225266510505599,0.18807871101178555,0.1188604933272624,0,2.70805020110221,0,0.0,0,0.0
305,1776084.0,1195169.0,14.389922061749342,13.993798992644063,109,Fresh Pond Rd (M),Fresh Pond Rd,9.76678232649275,10.317838406109805,-1.033771849404288,-1.116687622850651,0.1006911958663664,0,1.9459101490553132,0,0.0,0,0.0
306,27715365.0,17887203.0,17.137497546594055,16.699596154841302,628,"Fulton St (A,C,J,Z,2,3,4,5)",Fulton St,14.99928049451959,14.32042098089544,1.2101564850997149,1.6457280608751144,0.0507764147710345,0,3.871201010907891,1,0.0,1,0.0
310,1768601.0,1534593.0,14.385699961961084,14.243776408904427,292,Fulton St (G),Fulton St,12.390625100679276,13.002384045006448,-0.22730243514357915,0.3071085739929181,0.0683275536368707,0,1.9459101490553132,0,0.0,0,0.0
311,2249791.0,1458035.0,14.626348325462907,14.192600882603939,95,"Gates Av (J,Z)",Gates Av,9.859332869182037,9.546870883493387,0.01500074076790215,-0.0665635525001112,0.0898374409697839,0,1.9459101490553132,0,0.0,0,0.0
312,2709511.0,2164641.0,14.812279102839913,14.587765547777924,122,Graham Av (L),Graham Av,11.165300163512423,10.881703703651745,-0.43790437458440407,-0.12851475854273883,0.0567686095831115,0,2.4849066497880004,0,0.0,0,0.0
313,2295401.0,1653318.0,14.646418549536158,14.318295340640583,340,"Grand Army Plaza (2,3)",Grand Army Plaza,11.0544490794769,11.677588622407951,0.1902368864932752,0.007682986596769349,0.0807113272161943,0,2.6390573296152584,0,0.0,0,0.0
314,5730846.0,3893242.0,15.561373896265971,15.17475304437228,265,"Grand Av-Newtown (M,R)",Grand Av-Newtown,12.092604813866592,11.724483377778768,-0.5429796244446486,-0.05313268803421159,0.1082644953528103,0,2.5649493574615367,0,0.0,0,0.0
315,45745700.0,30517475.0,17.638608378057494,17.23381006109177,610,"Grand Central-42 St (S2,4,5,6,7)",Grand Central-42 St,14.948262066023988,14.8163884498348,-1.2875661154937512,-1.1398825383248117,0.007804516641014,0,3.9512437185814275,1,1.0,1,3.9512437185814275
318,8024364.0,5821650.0,15.897993096123733,15.57709445645486,231,"Grand St (B,D)",Grand St,12.138629543568435,12.526057694236385,-0.7105725375289631,0.6341820987999641,0.0379090714473489,0,2.4849066497880004,0,0.0,0,0.0
319,1847219.0,1499646.0,14.42919236416173,14.22074030504387,123,Grand St (L),Grand St,11.51698188713416,11.859045373249934,-1.1434015321517812,-1.352353312860226,0.0610266628286346,0,2.4849066497880004,1,0.0,0,0.0
320,1749932.0,1169287.0,14.375088059452494,13.971905574525506,189,Grant Av (A),Grant Av,8.361843284901825,9.998964052494653,-0.7288296472013273,-0.6567586594744496,0.1421641981512894,0,2.1972245773362196,0,0.0,0,0.0
321,3089912.0,2457616.0,14.943653493137754,14.714702739229274,283,Greenpoint Av (G),Greenpoint Av,10.905536830471387,10.479330098504603,0.17902624011696314,0.40299610805722175,0.0377858426530332,0,1.9459101490553132,1,0.0,0,0.0
322,2271942.0,1214663.0,14.6361459704803,14.009978053301785,421,"Gun Hill Rd (2,5)",Gun Hill Rd,10.378074119287048,9.610304178255518,-0.5960743813485619,0.22050074322221014,0.1702361654760757,0,2.70805020110221,1,0.0,0,0.0
323,1248513.0,925025.0,14.037464602095241,13.737577124207645,444,Gun Hill Rd (5),Gun Hill Rd,9.458515032609013,9.222416428711021,-0.8174793047774315,-0.8604512427815446,0.1791013214133237,0,2.0794415416798357,1,0.0,0,0.0
324,2120521.0,1253085.0,14.567172842754541,14.041119866798251,94,Halsey St (J),Halsey St,9.471421468201505,9.546870883493387,-0.029693215477894178,-0.0665635525001112,0.0961490997409687,0,1.9459101490553132,0,0.0,0,0.0
325,2176141.0,1713746.0,14.593064142181744,14.354192759310083,129,Halsey St (L),Halsey St,10.621000199054485,10.804520143263808,-0.48695599004453827,-0.4474082328953927,0.0995129130314219,0,2.4849066497880004,0,0.0,0,0.0
327,1117566.0,612920.0,13.926664558929888,13.325991332225076,100,"Hewes St (J,M)",Hewes St,11.742323678334659,12.198404513825787,-0.2628918007249163,-0.30550563008708487,0.0569328083006601,0,2.5649493574615367,0,0.0,0,0.0
328,3536860.0,2247144.0,15.078750168574572,14.625171079570555,173,"High St (A,C)",High St,12.333088943935433,12.408805260235502,-0.7469444701839608,-1.0486344475202618,0.0559455175148112,0,2.6390573296152584,0,0.0,0,0.0
329,4496793.0,2749660.0,15.318875256386956,14.826988189316774,324,Houston St (1),Houston St,13.891303890463783,13.144911050440495,-0.40984223336188047,-1.2868783522803195,0.0341572523777962,0,2.3978952727983707,0,0.0,0,0.0
330,1171303.0,826955.0,13.9736282160611,13.625506768237344,198,Howard Beach-JFK Airport (A),Howard Beach-JFK Airport,10.054737469945914,8.296798278143225,-1.0504346236276543,-1.3418047692075223,0.1803864584080411,0,2.1972245773362196,1,0.0,0,0.0
331,2293256.0,1666303.0,14.645483635803743,14.32611855805195,336,"Hoyt St (2,3)",Hoyt St,13.888912363390427,13.888912363390427,0.2970344612922368,0.31216072010728313,0.0643638116490928,0,2.6390573296152584,2,0.0,0,0.0
332,3605153.0,2795555.0,15.097875046235382,14.843541571442794,175,"Hoyt-Schermerhorn Sts (A,C,G)",Hoyt-Schermerhorn Sts,11.618328686519925,11.391905830960026,0.1758948947293437,-0.07405174016275036,0.0664235429422397,0,2.995732273553991,0,0.0,0,0.0
333,1885928.0,1039399.0,14.449931095655678,13.854154181556478,463,Hunters Point Av (7),Hunters Point Av,11.878523136750323,11.878523136750323,-1.2576489259003505,-1.627424692965587,0.0373064459845726,0,2.70805020110221,0,0.0,0,0.0
334,3174354.0,2140557.0,14.970615020064953,14.576577100672822,371,Hunts Point Av (6),Hunts Point Av,11.679265383682344,10.855452665387324,1.0687061756797678,1.039163538234483,0.1144352555159492,0,2.4849066497880004,1,0.0,0,0.0
335,964689.0,580512.0,13.779562085188052,13.27166747435684,431,"Intervale Av (2,5)",Intervale Av,11.456254489854759,10.71463826966611,2.060039299637516,0.5836834461784915,0.1101895578401079,0,2.70805020110221,0,0.0,0,0.0
336,3150731.0,1632951.0,14.963145364757926,14.30589997776677,143,Inwood-207 St (A),Inwood-207 St,11.405400385274016,11.176386146619482,0.9188421297130234,2.5493322881729243,0.1300647522774672,1,2.1972245773362196,1,0.0,0,0.0
337,1584727.0,919324.0,14.275923341734229,13.73139498408667,433,"Jackson Av (2,5)",Jackson Av,7.098165796944265,10.43521504116472,0.1478555866237071,0.4694981231089588,0.0979729623365481,0,2.70805020110221,0,0.0,0,0.0
338,10010419.0,5715839.0,16.11913710845315,15.558751826037604,278,"Jamaica Center-Parsons-Archer (E,J,Z)",Jamaica Center-Parsons/Archer,11.142925321811713,11.142925321811713,-1.2875661154937512,-1.6647486555251143,0.1903470432919816,1,2.70805020110221,1,0.0,0,0.0
339,6262449.0,3944828.0,15.650082040311448,15.187916165315041,254,Jamaica-179 St (F),Jamaica-179 St,11.102447927648809,10.650472139798214,-0.378501882379799,-0.4163224071982449,0.2045938268985606,1,2.1972245773362196,1,0.0,0,0.0
340,1412179.0,1010728.0,14.16064516766414,13.826182410636179,280,Jamaica-Van Wyck (E),Jamaica-Van Wyck,10.585513567831859,10.585513567831859,-0.5076390607700336,-0.6917305149410872,0.1751426887911696,0,2.1972245773362196,1,0.0,0,0.0
341,12238047.0,7343495.0,16.320060345206443,15.809325581476513,636,"Jay St-MetroTech (A,C,F,R)",Jay St-MetroTech,15.2786574602684,15.2786574602684,-0.721647647719649,-0.9587224548687192,0.0626511995735117,0,3.332204510175204,1,0.0,1,0.0
343,2237997.0,2075924.0,14.62109227419856,14.545917395447685,508,Jefferson St (L),Jefferson Av,9.464945030311911,9.176346694252208,-1.0380374068995015,-1.2203597045502819,0.2087781878573527,0,2.4849066497880004,0,0.0,0,0.0
344,6883317.0,6720760.0,15.74461136109782,15.720711950135328,451,Junction Blvd (7),Junction Blvd,12.049035083444164,11.497936030645358,-0.13088976626597554,1.042459107909556,0.1146175717505724,0,2.70805020110221,1,0.0,0,0.0
345,676092.0,487780.0,13.424085919527169,13.097621813615866,349,Junius St (3),Junius St,8.190070202340166,9.884055052157356,1.1395459686451765,0.48247447144520794,0.1224831010139781,0,1.9459101490553132,0,0.0,0,0.0
346,7625674.0,5016215.0,15.847031401129843,15.4281864225687,259,"Kew Gardens-Union Turnpike (E,F)",Kew Gardens-Union Tpke,8.953089239659429,8.835452841172954,-1.2875661154937512,-1.6647486555251143,0.1582513277827365,0,2.833213344056216,1,0.0,0,0.0
347,5938819.0,4244252.0,15.597021018406014,15.261076390511294,51,"Kings Hwy (B,Q)",Kings Hwy,11.944029568734939,13.197784212545548,-0.5011846296809209,0.049867432160493774,0.148570238123254,0,2.5649493574615367,1,0.0,0,0.0
348,1129071.0,711229.0,13.936906614349036,13.474751144519407,250,Kings Hwy (F),Kings Hwy,10.934838861979404,11.214232526954111,-0.4289378919982391,-0.9928885440199513,0.1521288888081394,0,2.1972245773362196,0,0.0,0,0.0
349,1371311.0,1247257.0,14.131278503770046,14.036458099813757,77,Kings Hwy (N),Kings Hwy,9.838235861591196,10.129765306242764,-0.381492255392817,0.32743841827486203,0.1510210420371917,0,1.9459101490553132,0,0.0,0,0.0
350,2733096.0,1958074.0,14.820945956413562,14.487472405731236,381,Kingsbridge Rd (4),Kingsbridge Rd,11.469479201031259,10.732241963739535,1.0808617853661016,2.392858845115754,0.1423942901804611,0,2.1972245773362196,0,0.0,0,0.0
351,2485283.0,1140981.0,14.725897496697037,13.947399853084368,212,"Kingsbridge Rd (B,D)",Kingsbridge Rd,9.019537671692973,9.12826022806278,1.9027831329205165,3.6738675348978735,0.1440489471152111,0,2.4849066497880004,1,0.0,0,0.0
352,1472802.0,1017521.0,14.202677945835378,13.832880817686766,344,Kingston Av (3),Kingston Av,11.419764863289796,11.158137400019918,-0.19529762914204354,-0.22978637975002097,0.095188880243439,0,1.9459101490553132,0,0.0,0,0.0
353,2055094.0,1444252.0,14.53583263355442,14.183102790844055,180,Kingston-Throop Avs (C),Kingston-Throop Avs,10.305534637626437,10.494904869961324,0.2533284561699729,0.11837928065519164,0.0865048126117784,0,1.791759469228055,0,0.0,0,0.0
354,1544093.0,862039.0,14.249947888542712,13.667056952281508,113,Knickerbocker Av (M),Knickerbocker Av,11.056352896514733,12.13969243928981,-0.3938351587451283,0.16676048809834312,0.0854140691982198,0,1.9459101490553132,0,0.0,0,0.0
355,1779062.0,1214488.0,14.391597379174398,14.009833970158152,96,Kosciuszko St (J),Kosciuszko St,10.342022978348592,9.673885867224078,-0.33224562913055034,0.306076171025955,0.0826733449184129,0,1.9459101490553132,0,0.0,0,0.0
356,1599887.0,1252720.0,14.285444184759895,14.040828543481986,176,Lafayette Av (C),Lafayette Av,11.522652987950892,11.027514704454047,0.1783329841854482,0.03765903470691385,0.069517870256503,0,1.791759469228055,0,0.0,0,0.0
357,16760813.0,11691818.0,16.634554219857915,16.2743999244229,613,"Lexington Av (N,Q,R)/59 St (4,5,6)",59 St,13.37259472146624,13.707717505395962,0.44801378050215407,0.10147054840944282,0.0177542379447783,0,3.828641396489095,0,0.0,1,0.0
359,18957465.0,11339465.0,16.757708396070193,16.243799765208024,612,"Lexington Av-53 St (E,M)/51 St (6)",51 St,14.638600029235139,14.635092891567565,-1.0467829446600598,-0.9346546758740624,0.0122799531350869,0,3.258096538021482,1,0.0,1,0.0
361,6567634.0,3736349.0,15.697664356097599,15.133619757026397,223,"Lexington Av-63 St (F,Q)",Lexington Av/63 St,12.15002041053467,12.962117587306617,0.3358683180594544,-0.25143206790137723,0.0203616848516903,0,2.772588722239781,1,0.0,0,0.0
362,833633.0,497050.0,13.63354973609765,13.116447915508301,185,Liberty Av (C),Liberty Av,11.30887613216334,10.809486896721543,-0.45084287774887494,-0.6856650266311434,0.1187655693709221,0,1.791759469228055,0,0.0,0,0.0
363,856615.0,590252.0,13.660745022485347,13.288306537526966,135,Livonia Av (L),Livonia Av,10.53170711960111,9.884055052157356,-0.3410642626832589,0.48247447144520794,0.1233543719735926,0,2.4849066497880004,1,0.0,0,0.0
364,949680.0,686670.0,13.76388141771313,13.439610562757354,372,Longwood Av (6),Longwood Av,9.868677461936656,9.990116137141731,-0.4877633410966833,0.7041589954920324,0.1068342587422221,0,2.4849066497880004,0,0.0,0,0.0
365,1747990.0,890789.0,14.373977686442943,13.699863988437947,99,"Lorimer St (J,M)",Lorimer St,13.383273868550198,12.38410911309391,2.368276980301981,0.9807981546710767,0.0627944060008541,0,2.5649493574615367,0,0.0,0,0.0
366,4696924.0,3903034.0,15.36241859724273,15.177265013583472,629,Lorimer St (L)/Metropolitan Av (G),Metropolitan Av,11.179408350225541,10.881112617028327,0.14562985942975223,-0.016725531111848078,0.053241622702537,0,2.8903717578961645,1,0.0,1,0.0
368,1561844.0,1067679.0,14.261378372703811,13.880998628137434,296,Marble Hill-225 St (1),Marble Hill-225 St,10.03104237730186,10.723924343910225,1.357884358651626,1.0149335896492466,0.1407827954048356,0,2.3978952727983707,0,0.0,0,0.0
369,4717791.0,2864396.0,15.3668514515006,14.867868414774616,101,"Marcy Av (J,M,Z)",Marcy Av,11.742323678334659,12.198404513825787,-0.2628918007249163,-0.30550563008708487,0.0534299516189137,0,2.5649493574615367,1,0.0,0,0.0
370,2025162.0,1818251.0,14.521160749110482,14.413386157974934,448,Mets-Willets Point (7),Mets-Willets Point,8.953089239659429,8.835452841172954,-1.2875661154937512,-1.6647486555251143,0.1383752792553604,0,2.70805020110221,0,0.0,0,0.0
371,1090449.0,798449.0,13.902101013045373,13.590427627269014,108,Middle Village-Metropolitan Av (M),Middle Village-Metropolitan Av,10.777566583097354,10.317838406109805,-1.0707546426317416,-1.116687622850651,0.103941181525895,1,1.9459101490553132,1,0.0,0,0.0
372,597839.0,401976.0,13.301078438604172,12.904150152034031,362,Middletown Rd (6),Middletown Rd,10.39682771963079,10.511897232816972,-0.754898938737738,-0.3889459826334213,0.1724041967383615,0,2.4849066497880004,0,0.0,0,0.0
373,1933886.0,1683408.0,14.475042525160156,14.33633146206824,124,Montrose Av (L),Montrose Av,11.221091978493853,11.132452632076115,0.2805359008335376,0.5656230315629667,0.0646017215018235,0,2.4849066497880004,0,0.0,0,0.0
374,2100475.0,1769142.0,14.55767454367531,14.386005806505683,125,Morgan Av (L),Morgan Av,11.792324821725716,11.314308728053353,-0.9230070671991825,-1.199356377927032,0.0704442695540137,0,2.4849066497880004,0,0.0,0,0.0
375,711229.0,521846.0,13.474751144519407,13.165129720453288,446,Morris Park (5),Morris Park,10.249335292355687,10.287821347678813,-0.23195592170366425,-0.6903494576232704,0.1585767080027774,0,2.0794415416798357,0,0.0,0,0.0
376,1970185.0,1221900.0,14.493638512500892,14.015918400701857,368,Morrison Av-Soundview (6),Morrison Av-Soundview,9.60066455402167,10.117176975358168,0.7270145281081843,0.4316705147736283,0.1324954334948904,0,2.4849066497880004,0,0.0,0,0.0
377,2491758.0,1728114.0,14.728499444742514,14.362541777057649,379,Mosholu Pkwy (4),Mosholu Pkwy,7.935347610157576,10.196770235951302,-0.800302052173345,-0.1988507099795145,0.1595523472876549,0,2.1972245773362196,0,0.0,0,0.0
378,1551038.0,990912.0,14.254435586910242,13.806382019347348,386,Mt Eden Av (4),Mt Eden Av,10.424348060728024,10.424348060728024,0.317210496096284,0.33733185342095817,0.1132294413171704,0,2.1972245773362196,0,0.0,0,0.0
379,3854024.0,2654490.0,15.164628614702405,14.7917634805311,97,"Myrtle Av (J,M,Z)",Myrtle Av,10.55935826121906,10.169479167907292,-0.24946068293006632,0.05969104495673097,0.0752697010622397,0,2.5649493574615367,0,0.0,0,0.0
380,1820637.0,1265040.0,14.414697547075424,14.050615090685724,288,Myrtle-Willoughby Avs (G),Myrtle-Willoughby Avs,10.620546574174083,9.935838520500392,0.3296218238983915,-0.06684220716212791,0.0697261237987616,0,1.9459101490553132,0,0.0,0,0.0
381,5927332.0,5009020.0,15.595084922758467,15.426751044784549,630,"Myrtle-Wyckoff Avs (L,M)",Myrtle-Wyckoff Avs,12.557143144903279,11.519481184550418,-0.34568767217796065,-0.11296428457767974,0.0909849151892707,0,2.8903717578961645,1,0.0,1,0.0
383,3136229.0,2320186.0,14.958531999599789,14.657158343842486,284,Nassau Av (G),Nassau Av,11.508762313053328,11.709251687636192,-0.29402136430561937,-0.6217905819250319,0.0445731416213772,0,1.9459101490553132,0,0.0,0,0.0
384,1362524.0,956059.0,14.124850153975055,13.770575951570393,53,Neck Rd (Q),Neck Rd,10.70260118731272,10.008514196258561,-0.1949901570937145,-0.5888534254409019,0.1622377503449744,0,2.0794415416798357,0,0.0,0,0.0
385,428163.0,320508.0,12.967261578740251,12.67766563607184,253,Neptune Av (F),Neptune Av,10.827097529175823,11.025666841493758,-0.7757170789976213,-0.5671448409100145,0.1741442901647962,0,2.1972245773362196,0,0.0,0,0.0
386,1006617.0,583996.0,13.822106755143455,13.277651124810868,417,"Nereid Av (2,5)",Nereid Av,10.87026295189421,10.42059538352048,-1.0256495944644841,-0.6127269362662338,0.1933613322694014,0,2.70805020110221,0,0.0,0,0.0
387,3150597.0,2136592.0,14.963102834054084,14.57472306225529,337,"Nevins St (2,3,4,5)",Nevins St,13.888912363390427,13.888912363390427,0.2970344612922368,0.31216072010728313,0.0667462491830061,0,3.367295829986474,0,0.0,0,0.0
388,1643487.0,1066391.0,14.312331370569034,13.879791545943029,352,New Lots Av (3),New Lots Av,9.636545568912634,9.16098857662215,0.23935491103210862,-0.24641496855611264,0.1335877556739343,0,1.9459101490553132,0,0.0,0,0.0
389,1254351.0,697822.0,14.042129662540022,13.455720767925353,136,New Lots Av (L),New Lots Av,9.512397716127788,8.326358102993542,-1.2875661154937512,-0.7447916829295329,0.1281940159016781,0,2.4849066497880004,0,0.0,0,0.0
390,1501183.0,1201167.0,14.22176468804605,13.99880497470982,615,New Utrecht Av (N)/62 St (D),62 St,11.343710418789712,11.230970077912405,-0.8198630733156277,-0.9320464379966557,0.1290737471719167,0,2.5649493574615367,1,0.0,1,0.0
392,2131839.0,1426266.0,14.572496014547397,14.170571099456362,358,"Newkirk Av (2,5)",Newkirk Av-Little Haiti,10.318476478701664,9.617684225029741,0.4957153244126039,0.6830767225656239,0.1203169622704972,0,2.70805020110221,0,0.0,0,0.0
393,3252504.0,2170621.0,14.994936026646632,14.59052432038911,47,"Newkirk Plaza (B,Q)",Newkirk Plaza,13.016138428915871,12.352256383029316,-0.8417128802828027,-0.23857604933269852,0.1216802776665146,0,2.5649493574615367,0,0.0,0,0.0
394,2008091.0,1400392.0,14.51269557547727,14.152263469478319,269,"Northern Blvd (M,R)",Northern Blvd,10.696686867648271,10.696686867648271,-0.8395643117843246,-1.1058324345997415,0.0780200247436412,0,2.5649493574615367,2,0.0,0,0.0
395,948571.0,458742.0,13.76271297480676,13.036245419378913,88,"Norwood Av (J,Z)",Norwood Av,12.377744992050674,11.826388005380874,-0.3380159380452316,-0.33021231158625414,0.1273132735460037,0,1.9459101490553132,0,0.0,0,0.0
396,2639003.0,1196666.0,14.785912131209965,13.995050750347845,210,Norwood-205 St (D),Norwood-205 St,11.535730134080376,10.125295267946834,0.9340540743487327,0.16051531441870356,0.1594807792368692,1,1.9459101490553132,0,0.0,0,0.0
397,1370372.0,809205.0,14.130593523521247,13.603808798978836,343,Nostrand Av (3),Nostrand Av,10.23200090336691,10.937335588564189,0.5181192805943405,0.03601635926377816,0.0914250620180243,0,1.9459101490553132,0,0.0,0,0.0
398,5608232.0,3768205.0,15.53974625462235,15.142109584096943,179,"Nostrand Av (A,C)",Nostrand Av,11.50194092855213,11.496067851382332,-0.33367771948018554,-0.6270274484080562,0.0816811050365973,0,2.6390573296152584,0,0.0,0,0.0
399,1033340.0,744994.0,13.848307800114581,13.52113278592978,56,Ocean Pkwy (Q),Ocean Pkwy,12.302591407255596,11.794303405489684,-0.01587639567762127,-0.15464648650215151,0.1792592891456365,0,2.0794415416798357,0,0.0,0,0.0
400,2216647.0,1285335.0,14.611506702875838,14.066530720731109,195,Ozone Park-Lefferts Blvd (A),Ozone Park-Lefferts Blvd,9.98986000003915,10.099013058497102,-0.24865614586695445,-0.3361032734047381,0.1725741504542204,1,2.1972245773362196,1,0.0,0,0.0
401,519984.0,348208.0,13.161555243987706,12.760558153196436,141,Park Pl (S1),Park Pl,11.000330489666984,10.987671476572263,0.5988661037879549,0.05513800945546841,0.0843575115801803,0,1.791759469228055,1,0.0,0,0.0
402,4734709.0,3295956.0,15.370431036686574,15.008207123809893,366,Parkchester (6),Parkchester,9.893661481555764,9.47347333007906,-0.5205846721811439,0.2856546160910746,0.1459769164354398,0,2.4849066497880004,0,0.0,0,0.0
403,1955051.0,1348897.0,14.485927349513343,14.114798520767073,43,Parkside Av (Q),Parkside Av,10.631956660215488,10.480336022496205,0.49720891816795965,1.9319047414320125,0.1021186990173644,0,2.0794415416798357,0,0.0,0,0.0
404,2086114.0,1584984.0,14.550814042457608,14.276085501526339,256,Parsons Blvd (F),Parsons Blvd,10.67070162460321,10.466494945910487,-0.6616001659266586,-0.16423695818802378,0.1867720299509505,0,2.1972245773362196,0,0.0,0,0.0
405,2134403.0,1180813.0,14.573698008764653,13.981714589126623,360,Pelham Bay Park (6),Pelham Bay Park,10.705435131330566,9.828429701091993,-0.2039563980075775,-0.38843601235993563,0.183892921247666,1,2.4849066497880004,1,0.0,0,0.0
406,2651208.0,1686103.0,14.790526320337872,14.337931100101791,424,"Pelham Pkwy (2,5)",Pelham Pkwy,8.148246740398102,10.245774526484487,-0.9135674914844512,0.04218819195055488,0.1549487705307734,0,2.70805020110221,1,0.0,0,0.0
407,896134.0,564687.0,13.705846350250393,13.244028645213783,445,Pelham Pkwy (5),Pelham Pkwy,10.06544419823221,10.39296104887669,-0.8245836530756729,-0.8619996399756796,0.1654756601618387,0,2.0794415416798357,0,0.0,0,0.0
408,1360708.0,868432.0,14.123516445399744,13.674445717185492,350,Pennsylvania Av (3),Pennsylvania Av,10.124124037255104,9.729499575218783,0.5354623115513274,0.4316393234062441,0.1268363956047258,0,1.9459101490553132,0,0.0,0,0.0
409,1037219.0,742431.0,13.852054615144887,13.517686562973477,353,"President St (2,5)",President St-Medgar Evers College,8.902681971403851,10.937335588564189,0.815446760246731,0.03601635926377816,0.0931771472948118,0,2.70805020110221,0,0.0,0,0.0
410,4342692.0,3128710.0,15.284005220554217,14.956131656608482,17,"Prince St (R,W)",Prince St,14.530558109849718,13.977671965843843,-0.4647307505040446,0.17620989114777713,0.0335012066200662,0,2.3978952727983707,0,0.0,0,0.0
411,2148059.0,1248614.0,14.580075667181669,14.03754549499269,432,"Prospect Av (2,5)",Prospect Av,10.692008016490313,10.499336190910775,0.5415289592870611,1.0183894517979377,0.1046227610274117,0,2.70805020110221,0,0.0,0,0.0
412,1780893.0,1299538.0,14.392626043375374,14.077520144156246,30,Prospect Av (R),Prospect Av,10.242726354107205,11.060938095451887,-0.48479021387371524,-0.3909950831870256,0.0899247273001166,0,1.9459101490553132,0,0.0,0,0.0
413,3323334.0,2150487.0,15.0164793547743,14.581205351092708,42,"Prospect Park (B,Q,S1)",Prospect Park,12.441439316528594,11.426934139858185,-0.05096470182851668,-0.4781469979467625,0.0957889049525042,0,2.8903717578961645,1,0.0,1,0.0
414,4334290.0,3645653.0,15.282068602340798,15.109046331198671,273,"Queens Plaza (E,M,R)",Queens Plaza,13.60078654221434,13.60078654221434,-0.24802493632279124,-0.36784220883726726,0.0471311614327501,0,3.044522437723423,1,0.0,0,0.0
415,5018211.0,3573523.0,15.42858425292362,15.089062781724277,461,"Queensboro Plaza (N,W,7)",Queensboro Plaza,12.97554381869831,12.97554381869831,0.824705681185208,0.9704705788438078,0.0440103388762183,0,3.2188758248682006,1,0.0,1,0.0
417,1829126.0,1073687.0,14.419349361813115,13.886610009053541,182,Ralph Av (C),Ralph Av,10.706734208629321,10.77306251411655,-0.8187270225977344,-0.4123816749022469,0.0989134565162842,0,1.791759469228055,0,0.0,0,0.0
418,2554523.0,1606245.0,14.753376462893822,14.289410337350192,329,Rector St (1),Rector St,14.668782758465387,14.380023117378167,-0.22168084892912884,-0.3594286695770767,0.0559692313508108,0,2.3978952727983707,0,0.0,0,0.0
419,2014996.0,1127341.0,14.516128264528065,13.935373207501724,22,"Rector St (R,W)",Rector St,14.668782758465387,14.380023117378167,-0.22168084892912884,-0.3594286695770767,0.055985135205695,0,2.3978952727983707,0,0.0,0,0.0
420,1451431.0,838719.0,14.18806121326123,13.639632199117179,348,Rockaway Av (3),Rockaway Av,9.932191763559482,9.973447468797469,0.962055643751602,-0.011012273866125298,0.119003403804258,0,1.9459101490553132,0,0.0,0,0.0
421,1787343.0,1079621.0,14.396241277014541,13.892121537836108,183,Rockaway Av (C),Rockaway Av,9.14485855192774,9.747068514307962,-0.12314158575583473,0.24534461530668703,0.1051342594780563,0,1.791759469228055,0,0.0,0,0.0
422,2299903.0,1519523.0,14.648377940897841,14.23390768588355,192,Rockaway Blvd (A),Rockaway Blvd,11.148722645372864,10.69143352370596,-0.7754942614515324,-0.9611632738910431,0.1587044783552124,0,2.1972245773362196,0,0.0,0,0.0
423,228144.0,132504.0,12.337736670708871,11.79437565954549,203,Rockaway Park-Beach 116 St (S3),Rockaway Park-Beach 116 St,10.386843260345755,9.705234030987238,-1.1209826327189498,-1.342055439161191,0.2286916930563871,1,1.6094379124341003,1,0.0,0,0.0
424,2380764.0,1686544.0,14.682932422571989,14.338192615606376,222,Roosevelt Island (F),Roosevelt Island,9.027247437870338,8.98998071126363,0.14329476933691807,-1.2662153299914343,0.0310317196590784,0,2.1972245773362196,1,0.0,0,0.0
425,1556357.0,941203.0,14.257859034377615,13.754915185720066,347,Saratoga Av (3),Saratoga Av,10.37763572743833,9.557711093311118,-0.5309284355998296,-0.009755472220893171,0.1153775400067077,0,1.9459101490553132,0,0.0,0,0.0
426,1080829.0,617361.0,13.893239822459778,13.333210840727117,111,Seneca Av (M),Seneca Av,10.052672142498324,10.69329490437976,0.6650131123873395,1.0036144729498624,0.0923794276015959,0,1.9459101490553132,0,0.0,0,0.0
427,4169796.0,2821135.0,15.243377911534868,14.852650198676738,54,"Sheepshead Bay (B,Q)",Sheepshead Bay,13.475682205328186,13.025154755204664,-0.07963719770041536,-0.45765934970503835,0.1706343108551103,0,2.5649493574615367,0,0.0,0,0.0
428,977012.0,559941.0,13.79225523697529,13.23558848591887,187,Shepherd Av (C),Shepherd Av,7.790945331575777,8.008626094348694,0.07410211825382458,-0.1397944880914258,0.1310891124388208,0,1.791759469228055,0,0.0,0,0.0
429,2602749.0,1336897.0,14.772079136337,14.10586256297189,430,"Simpson St (2,5)",Simpson St,11.762122386307443,11.67046601245662,-0.00198884172434645,-0.07169605434935405,0.1142552406894307,0,2.70805020110221,1,0.0,0,0.0
430,1435824.0,968460.0,14.17725015486874,13.783463492562015,238,"Smith-9 Sts (F,G)",Smith-9 Sts,10.768594364941066,10.768594364941066,-1.2875661154937512,-1.6647486555251143,0.0821946475203817,0,2.70805020110221,0,0.0,0,0.0
431,10272682.0,5995305.0,16.144998794134445,15.606487387676571,636,"South Ferry (1)/Whitehall St (R,W)",Jay St-MetroTech,15.2786574602684,15.2786574602684,-0.721647647719649,-0.9587224548687192,0.0626511995735117,0,3.044522437723423,1,0.0,1,0.0
433,3754272.0,2969643.0,15.138405215913853,14.903952638274596,409,Spring St (6),Spring St,13.743336540185913,13.743336540185913,-0.6753986104506063,-0.9010232739327962,0.0351479826163602,0,2.4849066497880004,0,0.0,0,0.0
434,4423135.0,2941927.0,15.302359504738584,14.894575706696529,168,"Spring St (C,E)",Spring St,14.02820780893208,13.144911050440495,-0.8937762186308434,-1.2868783522803195,0.0348104732803206,0,2.6390573296152584,0,0.0,0,0.0
435,1276865.0,816020.0,14.059919196071034,13.612195368909214,367,St. Lawrence Ave. (6),St Lawrence Av,10.094358535271375,9.212603360561298,-0.01393903516310633,-0.1003380649521534,0.1393330858231454,0,2.4849066497880004,0,0.0,0,0.0
436,4715335.0,2730057.0,15.366330733440694,14.819833412356708,271,"Steinway St. (M,R)",Steinway St,11.733235093824915,11.611271644358293,-0.6007834835523614,-0.6202344624582761,0.0632909475438624,0,2.5649493574615367,0,0.0,0,0.0
437,1654809.0,1227426.0,14.319196756577481,14.020430666413942,354,"Sterling St. (2,5)",Sterling St,8.823821573608386,10.343625643258944,0.8354969390245035,1.2252445163763552,0.0979388557417282,0,2.70805020110221,0,0.0,0,0.0
438,1345420.0,882617.0,14.112217533192723,13.690647769899222,257,Sutphin Blvd (F),Sutphin Blvd,11.32733446034452,10.692621778867082,0.1839383530273773,0.6282281325084887,0.1802066337957513,0,2.1972245773362196,0,0.0,0,0.0
439,7354064.0,5941974.0,15.810763779531516,15.597552127658242,279,"Sutphin Blvd-Archer Av-JFK Airport (E,J,Z)",Sutphin Blvd-Archer Av-JFK Airport,8.691857493605939,10.478010620801928,-0.6337726726947337,-1.0987547692099073,0.1842492777652012,0,2.70805020110221,1,1.0,1,2.70805020110221
440,1047762.0,479262.0,13.862167973250312,13.080004786257263,134,Sutter Av (L),Sutter Av,8.840451986005348,10.532265595345265,-0.11404141192749888,-3.783928705851621e-05,0.1185073614337941,0,2.4849066497880004,0,0.0,0,0.0
441,2019485.0,1272857.0,14.518353581552564,14.056775323792126,346,Sutter Av-Rutland Rd (3),Sutter Av-Rutland Rd,10.339069753608616,10.200386801608587,-0.14041501527538328,-0.2437716325798432,0.1090949384206156,0,1.9459101490553132,0,0.0,0,0.0
442,82233996.0,54266441.0,18.225079363329918,17.809416582806893,611,"Times Sq-42 St (N,Q,R,S2,W,1,2,3,7)/42 St (A,C,E)/Bryant Pk (B,D,F,M)/5 Av (7)",Times Sq-42 St,14.92883172800673,14.92883172800673,-1.2450306624846403,-1.6116824525447786,0.0035166923379802,0,4.882801922586371,1,1.0,1,4.882801922586371
447,3052099.0,1192367.0,14.931340436249448,13.991451803793941,215,"Tremont Av (B,D)",Tremont Av,12.225638986876296,11.392285062778019,1.8142218433420199,1.706339129618581,0.1238036575752074,0,2.4849066497880004,1,0.0,0,0.0
448,2271983.0,1646253.0,14.63616401654486,14.314012961801293,28,Union St (R),Union St,11.301435209294404,11.119956576528034,-0.9808008975878467,-1.4301500869711221,0.0775891046217202,0,1.9459101490553132,0,0.0,0,0.0
449,5106247.0,2907120.0,15.445975445913506,14.882673802341783,181,"Utica Av (A,C)",Utica Av,9.960913279187784,10.542478310864702,-0.27615981900886954,-0.5020424406013394,0.0924309836418472,0,2.6390573296152584,1,0.0,0,0.0
450,2189109.0,1409910.0,14.599005626498728,14.159037139794789,293,Van Cortlandt Park-242 St (1),Van Cortlandt Park-242 St,11.074498633976159,10.482003599924926,-1.1544596057170402,-0.7367626226619074,0.159202540786884,1,2.3978952727983707,0,0.0,0,0.0
451,853106.0,491980.0,13.656640258231779,13.106195376842576,351,Van Siclen Av (3),Van Siclen Av,8.008519763870677,9.16098857662215,-0.37013200662592655,-0.24641496855611264,0.130198261993007,0,1.9459101490553132,0,0.0,0,0.0
452,918811.0,525801.0,13.730836810225506,13.172679994998337,186,Van Siclen Av (C),Van Siclen Av,9.624429109067087,9.09517978086991,-0.6431959414095858,-0.3377323322355987,0.1245954263365929,0,1.791759469228055,0,0.0,0,0.0
453,791691.0,515895.0,13.581927706270779,13.153660473762095,90,"Van Siclen Av (J,Z)",Van Siclen Av,10.251909871583496,10.809486896721543,-0.44186267827590286,-0.6856650266311434,0.1201308649764848,0,1.9459101490553132,0,0.0,0,0.0
454,4623070.0,3631659.0,15.346569760845075,15.105200401986611,464,Vernon Blvd-Jackson Av (7),Vernon Blvd-Jackson Av,12.14747272541454,12.091593931448333,-0.4780599206559503,-0.5332938736380232,0.0328019303852629,0,2.70805020110221,0,0.0,0,0.0
455,1404748.0,794723.0,14.155369197103752,13.585750163547758,416,Wakefield-241 St (2),Wakefield-241 St,9.532150996120016,9.882956942644899,-1.0077545605064266,-0.8271899882962142,0.1994012914326232,1,2.0794415416798357,0,0.0,0,0.0
456,6910581.0,3729954.0,15.748564417956832,15.13190672720406,333,"Wall St (2,3)",Wall St,14.354226926306422,14.771490387016572,2.4972832249047827,1.3621583855245623,0.0542365212840995,0,2.6390573296152584,0,0.0,0,0.0
457,5720475.0,3393094.0,15.559562576676873,15.037253042195509,413,"Wall St (4,5)",Wall St,14.668782758465387,14.380023117378167,-0.22168084892912884,-0.3594286695770767,0.0549331474885587,0,2.772588722239781,0,0.0,0,0.0
458,14063633.0,10011362.0,16.459102874677683,16.119231305858115,167,"West 4 St-Washington Sq (A,B,C,D,E,F,M)",W 4 St-Wash Sq,14.32045713762134,13.829973872503887,-0.3422490966296226,0.29575072166693306,0.0279486827775519,0,3.8501476017100584,1,0.0,1,0.0
460,837836.0,640138.0,13.638578849804697,13.369440619254064,57,"West 8 St-New York Aquarium (F,Q)",W 8 St-NY Aquarium,9.763895606489536,11.025666841493758,0.7394668217833806,-0.5671448409100145,0.1789546457904902,0,2.772588722239781,0,0.0,0,0.0
461,2104945.0,997755.0,14.559800371562918,13.813264036423343,427,"West Farms Sq-East Tremont Av (2,5)",West Farms Sq-E Tremont Av,9.611569567018446,9.999401942415252,-0.0971458763481705,0.6804131388771928,0.1345292400409616,0,2.70805020110221,0,0.0,0,0.0
462,1796415.0,773043.0,14.40130412685835,13.558091247036291,363,Westchester Sq-East Tremont Av (6),Westchester Sq-E Tremont Av,11.789158849361286,11.535903809870725,-0.799008834485926,-0.5627643931868157,0.1646759799363567,0,2.4849066497880004,1,0.0,0,0.0
463,586845.0,385838.0,13.282517713453238,12.86317546299162,370,Whitlock Av (6),Whitlock Av,6.565940543517612,10.095806329196233,-1.2875661154937512,-0.6327305528803635,0.1211559025140641,0,2.4849066497880004,0,0.0,0,0.0
464,1290221.0,952643.0,14.070324854554805,13.766996555658643,130,Wilson Av (L),Wilson Av,9.21858267456447,9.357485368595048,-0.26824235316392875,0.05166532392676702,0.103762288968585,0,2.4849066497880004,2,0.0,0,0.0
465,1882065.0,1628419.0,14.447880667588008,14.303120777530134,355,"Winthrop St (2,5)",Winthrop St,11.396172068023427,10.880351486511175,-0.772605862838505,-0.4961708855627046,0.1038995163800081,0,2.70805020110221,0,0.0,0,0.0
466,1337787.0,557522.0,14.106528061675549,13.231259037070803,83,"Woodhaven Blvd (J,Z)",Woodhaven Blvd,10.535837272612753,9.94234477942983,-0.20508375095776823,-0.4555513616013172,0.1458069896026925,0,1.9459101490553132,1,0.0,0,0.0
467,6381132.0,4237180.0,15.668856225761305,15.259408747601155,264,"Woodhaven Blvd (M,R)",Woodhaven Blvd,11.870563083514208,12.12062554483014,-0.012732894389812566,-0.43165964135131607,0.1168219195057066,0,2.5649493574615367,0,0.0,0,0.0
468,2094285.0,1299027.0,14.554723241793106,14.07712685046277,378,Woodlawn (4),Woodlawn,11.455220133658075,10.80850813237032,1.6316239160821988,1.955688588883988,0.1681495309835884,1,2.1972245773362196,0,0.0,0,0.0
469,5345369.0,4222161.0,15.491741323618875,15.255857877094826,456,Woodside-61 St (7),61 St-Woodside,11.282031793840636,10.727923499224085,0.33887036259986747,0.910949303477896,0.0815446206441514,0,2.70805020110221,1,0.0,0,0.0
470,4232521.0,3358064.0,15.258308590849516,15.02687547319226,328,WTC Cortlandt (1),WTC Cortlandt,14.547860234573772,14.380023117378167,-1.2733321877280501,-0.3594286695770767,0.0514699676413331,0,2.3978952727983707,1,0.0,0,0.0
471,3927129.0,3345474.0,15.183419437162968,15.023119244452532,235,York St (F),York St,13.274743882610684,12.356218467650699,0.219755813950212,-0.8208909196994987,0.053573678331807,0,2.1972245773362196,0,0.0,0,0.0
472,795756.0,504725.0,13.58704914183829,13.131770986753395,364,Zerega Av (6),Zerega Av,11.667337643852722,11.45650762595202,-1.2118010406341144,-1.4176280039803004,0.1594231446183343,0,2.4849066497880004,0,0.0,0,0.0
